event_id,publish_ms,ingest_ms,latency_ms
511171da-c3f1-46f0-9dc4-15316f9f19c6,1778694716300,1778694716484,184
21e53b5e-e667-4322-8e21-9ad8398d86b6,1778694716363,1778694716484,121
0e138e99-d263-4a73-bda1-4abf3abaa015,1778694716406,1778694716484,78
329defee-5807-489d-8472-e6cbf6564a1f,1778694716468,1778694716484,16
91ff02bd-880a-4dbe-9d2e-99be7076227a,1778694716511,1778694716985,474
27a1fc09-2858-4f75-8eb2-7084f44f8d96,1778694716573,1778694716985,412
3be9aa56-3e23-4d18-bbc0-187df0838034,1778694716615,1778694716985,370
224c64ed-c6c2-45d8-b3a8-93e8edbda1a5,1778694716678,1778694716985,307
2e9ea223-d52b-4e8c-9dc6-9573b4a91880,1778694716720,1778694716985,265
9359112a-c31e-40e0-881b-6c8b2e1fed6c,1778694716784,1778694716985,201
5067a462-b52c-45bd-88b4-0830bbd12ee7,1778694716827,1778694716985,158
a431f603-a35e-4fd4-97a2-0ee7161ec49e,1778694716889,1778694716985,96
27b2ba30-213e-4f5a-8e4a-3a250b1377e5,1778694716931,1778694716985,54
133d60cd-460e-4c4a-b4eb-7402e6e61a42,1778694716994,1778694717486,492
847f9f25-ad53-41f0-a74b-615172b07446,1778694717036,1778694717486,450
6489a460-71ac-4926-8e21-f904c13073ce,1778694717098,1778694717486,388
618d0fe8-fece-4070-904f-bd1b4e7156ec,1778694717140,1778694717486,346
96d7a9e0-0941-4374-8fcb-3ad80b614757,1778694717201,1778694717486,285
678fee49-4785-4f15-b212-a37a89053ae9,1778694717244,1778694717486,242
bf9b29d2-bf04-4562-8977-23b0000a4205,1778694717306,1778694717486,180
536fa43a-3cd0-4d60-809a-523bce2a6556,1778694717348,1778694717486,138
427a9a9d-f8ce-4df7-9eb1-a776bfc98830,1778694717412,1778694717486,74
a22523af-8c8d-4008-98dd-ae276a6b5952,1778694717455,1778694717486,31
94ecbc39-6cc3-4d2b-af7b-ccfbf9f9b1a9,1778694717518,1778694717986,468
e97c2627-8e7e-427c-a9a6-09fa8615a3b5,1778694717560,1778694717986,426
c76e8cdd-6098-42ba-8350-f9407ec518cf,1778694717623,1778694717986,363
ef6501c5-34a5-4b46-bbb8-c34717628e87,1778694717666,1778694717986,320
1c9e2a0f-eeb8-4b37-80b9-d8b68d5c206c,1778694717728,1778694717986,258
f4427386-63fa-4409-88eb-b73f1dd2b3e8,1778694717770,1778694717986,216
7718aabf-2011-4726-97a3-b35962eccdae,1778694717834,1778694717986,152
dfdb665a-930d-4a26-a7f9-962bf49a4754,1778694717877,1778694717986,109
03aae36f-0a4a-4327-8d21-75bdcdc09589,1778694717939,1778694717986,47
32648e45-d08d-47a0-ad7f-ccf24f1965e8,1778694717981,1778694717986,5
3590a586-f554-4fe5-ac46-e47720fb43c2,1778694718044,1778694718487,443
66caf7b5-b18e-4b92-8f40-07ac969e91fe,1778694718086,1778694718487,401
2140f900-d0ba-44e3-a3b4-63b90ee7f9e1,1778694718150,1778694718487,337
7d84cbab-5082-4f81-817e-06bf8a67e7eb,1778694718193,1778694718487,294
93b851b4-a89a-4882-aae6-e791cd74c7f7,1778694718255,1778694718487,232
1872ca48-e275-420d-9edd-51bd39b622bb,1778694718298,1778694718487,189
bb29c3d8-a4fa-465c-ad7c-323834217c12,1778694718361,1778694718487,126
22f09444-1652-41c4-88b1-e932d1c2ce28,1778694718404,1778694718487,83
e0bfd39c-3abe-4284-ad8d-a344edddeca4,1778694718466,1778694718487,21
8c3199e1-1234-46a9-8ee7-0cedb751bcf5,1778694718509,1778694718988,479
dadb01ff-c5e5-4f0e-b560-dcd3d9f9f093,1778694718571,1778694718988,417
519f97cf-2438-4e3c-9e8f-daa3cd09d271,1778694718613,1778694718988,375
e9272b07-431c-45ac-b1c6-7f78533fd044,1778694718675,1778694718988,313
6e2a5934-8b25-4b8b-8238-9f23f31d5dcc,1778694718717,1778694718988,271
f236b9aa-43b2-42cc-9503-1d5d9e6e87d6,1778694718780,1778694718988,208
fc52e57c-f2e9-44c5-b74d-bbdfea0a01f6,1778694718821,1778694718988,167
86950b24-78ec-4ba5-80a1-4cc69df6cad8,1778694718883,1778694718988,105
5dfafcbe-4168-446e-9de5-f7ffe36f87f1,1778694718925,1778694718988,63
e2c7ae9c-9d76-481a-93c3-384faac2fda6,1778694718988,1778694719489,501
9f7283d1-4b76-4282-8c86-cca40e3f6e39,1778694719030,1778694719489,459
15c0aa07-e09c-4b66-8bfa-d0c615e1ec59,1778694719092,1778694719489,397
2510d998-c66b-471c-8c3c-3120b103436d,1778694719133,1778694719489,356
042f6ef3-0e47-494e-b5bb-fb85dd47c3b6,1778694719195,1778694719489,294
054ebf79-1e13-4aba-a0d3-1451c7209611,1778694719238,1778694719489,251
a16faf7a-3cfd-4596-93a8-a95de9595ec3,1778694719302,1778694719489,187
6973c2cc-7467-410c-8730-4370fb6e4814,1778694719342,1778694719489,147
9719bb93-27b5-4e58-adb4-fd3ffe4fbc77,1778694719405,1778694719489,84
ac3ccc8d-aa05-4c9a-9578-ecb5649b3126,1778694719448,1778694719489,41
64cb87e9-1768-4983-a9ff-20e2d73dfa40,1778694719512,1778694719989,477
30c54a56-34e7-423a-aaaa-7edf0eff2f7a,1778694719552,1778694719989,437
1feb284e-2129-4ac9-ac1b-5a3ab4605b12,1778694719614,1778694719989,375
4e613134-65de-4b72-b213-0954b473d507,1778694719656,1778694719989,333
db2f9853-ab05-47a3-8cf1-e8fce4ff851a,1778694719718,1778694719989,271
8936f90a-1861-418f-8980-e5bb8812b940,1778694719761,1778694719989,228
e9f96e6a-7957-4b1c-bbf0-86b8d0c75907,1778694719823,1778694719989,166
05c7f06d-b708-49d3-ba7c-44831f7bf0db,1778694719864,1778694719989,125
98a5e848-2348-443a-8e6d-222b5a1d3c0e,1778694719927,1778694719989,62
3355f0bf-3613-4e24-89c8-7978ca4ee188,1778694719969,1778694719989,20
7a37d38d-81e4-4151-abe8-9981522ab1b8,1778694720031,1778694720490,459
7c2e98f9-186d-410c-a4e1-39929c56b1b5,1778694720072,1778694720490,418
4e558b7a-edef-4062-8f47-96a179d1e2d7,1778694720135,1778694720490,355
8e9fd6f1-f7ac-4220-9ecd-1ca4b9bf9801,1778694720178,1778694720490,312
a0ee51fc-b670-4dd6-b81b-5c21c9f97ff4,1778694720240,1778694720490,250
6b50bc50-aba4-48f1-90e5-e82258c59985,1778694720283,1778694720490,207
fca9049e-1866-4655-be1e-de58b9c52ceb,1778694720345,1778694720490,145
ea911d36-4ca5-43c2-a4f1-40195a1d2993,1778694720386,1778694720490,104
9c83e60f-4b81-44c8-a33e-1646f427a9ed,1778694720450,1778694720490,40
547191be-002c-49bb-bebc-9127152176b7,1778694720491,1778694720991,500
68c8daa4-9b3e-4e9a-bf6b-f6bd8a9f6cc9,1778694720553,1778694720991,438
0965f672-73a6-4760-be41-9c70f21935fd,1778694720596,1778694720991,395
8d6c54ff-a340-463f-895f-a9fdc0b5e4f6,1778694720658,1778694720991,333
2c0864c9-c28b-4b37-ba13-2ef33df354b2,1778694720701,1778694720991,290
3b760243-0052-4aec-ba23-afd5cb1677bb,1778694720765,1778694720991,226
6fdfb996-2203-4af2-9a57-fb383e9d02eb,1778694720806,1778694720991,185
2fe29415-bcf1-45f3-b72a-41cfffdcbbb3,1778694720868,1778694720991,123
11114e26-d0ef-4ff3-9dca-730ff6d3d095,1778694720912,1778694720991,79
9a3827cb-a406-4a72-aadb-e5689a28d802,1778694720973,1778694720991,18
232d88ad-17b3-47b7-a163-4f3f146a822a,1778694721016,1778694721493,477
2f71b392-1319-4980-bebe-ce6644ceab76,1778694721081,1778694721493,412
9db3315d-314d-4f3c-b8c4-464d37dc75a1,1778694721123,1778694721493,370
caeeaa75-32cf-4b9e-8d2e-34aa5307512b,1778694721185,1778694721493,308
863709d8-6f16-42c3-9af2-589cedd8fb37,1778694721228,1778694721493,265
388c249f-55b0-490b-a937-276086ecc869,1778694721291,1778694721493,202
25422565-8150-439b-832e-b2fb988ae399,1778694721332,1778694721493,161
911cf066-7fdb-4831-8cd9-9b33325f037b,1778694721395,1778694721493,98
cd56b21a-ba11-43f7-a557-71da5024f294,1778694721437,1778694721493,56
f753af3e-7b80-43ff-9594-eb03d1eecd9d,1778694721498,1778694721994,496
52c94b4e-d62a-42b0-a96b-33e7b5ee2c2e,1778694721540,1778694721994,454
e71031fb-7bec-477a-8206-8fbe97408d95,1778694721602,1778694721994,392
26f26023-1cd1-4ea4-8e0d-1c12cd63e811,1778694721645,1778694721994,349
5a998c28-a18f-4493-ab05-654a5aab97af,1778694721707,1778694721994,287
74f1cbb1-a19b-443b-a1e3-5725dd5fec3e,1778694721750,1778694721994,244
9aef44fe-4aa4-4cbf-be33-9b65e50e2c26,1778694721812,1778694721994,182
8c17fe1b-2b6f-48ca-9cae-decbbcd1b7b9,1778694721853,1778694721994,141
6c982a53-b5dd-4f0e-bda2-a1fbcd1a5e17,1778694721916,1778694721994,78
6bbd15f3-dc11-43b5-8e00-3a42e09aaf68,1778694721959,1778694721994,35
e42835a0-cf45-4ede-8868-999fa448aadc,1778694722021,1778694722495,474
40bea40d-71d1-4baa-8ba7-f776f68bca8b,1778694722064,1778694722495,431
243a5b9b-38f9-423d-bf6c-85844832fa64,1778694722127,1778694722495,368
2e9eaea9-abe5-485f-a929-cdf89788d210,1778694722168,1778694722495,327
341ff1cb-cb16-48cc-9faf-f1017bfcab99,1778694722229,1778694722495,266
b51970de-071d-4998-9939-958251a6c298,1778694722271,1778694722495,224
c58a36f6-b222-4943-a92a-523569b307be,1778694722334,1778694722495,161
199157b4-633b-4db0-89d7-4a11eabb455a,1778694722375,1778694722495,120
5324bc2e-3906-4d6c-b236-1c0beffbb2b3,1778694722438,1778694722495,57
6956ffd5-ad54-4306-9932-c1fe803643a6,1778694722480,1778694722495,15
e90526a6-afe3-46a7-979a-af344f97c0db,1778694722542,1778694722996,454
07542e36-3d30-467a-9835-dd21e7200902,1778694722583,1778694722996,413
4a865538-41b0-41e3-8c43-8afc895e7099,1778694722646,1778694722996,350
9261b597-1c4a-4ac6-a009-07e71e39fff0,1778694722689,1778694722996,307
18078d40-c735-45b5-87d9-f8145e13d9b8,1778694722751,1778694722996,245
5ba5476b-2d35-4c7c-ac5e-af21dbd475db,1778694722793,1778694722996,203
7f25e9d3-3f54-4293-b464-196199fd698b,1778694722855,1778694722996,141
9c71a985-812c-4501-868d-26c89b5b6f2d,1778694722896,1778694722996,100
6bccf1d0-8bdc-4bab-aace-73a7f66bcc99,1778694722960,1778694722996,36
a413ed01-cfdf-4e55-8dfe-80eaca98a3eb,1778694723001,1778694723497,496
8826e56c-c9b4-4b9a-b4a1-cf0a569eb6c7,1778694723063,1778694723497,434
0bc6d703-2628-46d4-8368-cab9c22d9bdf,1778694723106,1778694723497,391
79f72e5c-7b39-480b-930f-b78e34bb671c,1778694723170,1778694723497,327
e2d943e0-318f-4eda-ab91-f68c9a0b6292,1778694723215,1778694723497,282
fdbd5727-1645-46d1-8b4e-300c8967dd0a,1778694723279,1778694723497,218
ec1c0d05-a171-4000-95c1-917cfb2729b0,1778694723321,1778694723497,176
ab0e2d8b-3355-47fd-a403-4a86229f3618,1778694723383,1778694723497,114
0a6568c3-c9c6-486a-84d3-86dc52cc2101,1778694723426,1778694723497,71
7e49e8ce-9685-4848-8a1a-6b8aa2dd918e,1778694723490,1778694723497,7
6b6b7267-b776-4dce-83d8-1c883561c4ea,1778694723531,1778694723996,465
03794f2b-c328-49e1-b770-7ed066750ba3,1778694723595,1778694723996,401
4bdc4f61-9799-4eae-804a-c2907646fa7e,1778694723637,1778694723996,359
4e4da592-76b6-4a77-9006-d6fe8e31fcd6,1778694723699,1778694723996,297
6ca9431c-9b1a-47c9-b381-dcbab479d103,1778694723741,1778694723996,255
36394a7c-3660-401f-842d-eca760f5b950,1778694723805,1778694723996,191
65e10e18-d657-4c5e-925a-e99e33bf1fb7,1778694723848,1778694723996,148
193cead3-c239-4184-b1c5-25261c2a8f56,1778694723912,1778694723996,84
3fb67dd2-facf-433a-b44f-3ad7afe8acfe,1778694723953,1778694723996,43
8082d605-ab7d-4630-8662-70dffc1afbee,1778694724015,1778694724496,481
f15d5797-df57-454e-ac2b-e90098f78f88,1778694724058,1778694724496,438
95515f61-29b2-48b3-b02f-14f749bc5c0a,1778694724121,1778694724496,375
8ea9c9a1-7abd-4959-b62b-6396a40c1d22,1778694724164,1778694724496,332
afed94e7-b6bd-4912-a834-7dd54cd028fd,1778694724228,1778694724496,268
db154fe7-d6d8-49a6-aa7a-f628b3bb6d38,1778694724270,1778694724496,226
67664ccf-5a87-4d5a-86bf-96e0e3fe7527,1778694724334,1778694724496,162
51bbd39e-4c1f-49b7-aeee-46fd4716750c,1778694724374,1778694724496,122
e3389ecb-8ca2-44e7-bf6c-31ba638398ad,1778694724437,1778694724496,59
f80c662f-535f-489e-8a81-f8722d0f4015,1778694724478,1778694724496,18
ba05dd3b-d3ed-4e63-8a0a-bc5804df22a2,1778694724541,1778694724997,456
79483359-4682-4c84-af86-1da4a2848d03,1778694724584,1778694724997,413
b20a682e-1a68-43ce-ac4a-86bbe35c3fb2,1778694724647,1778694724997,350
dd3f0e89-e74b-4a43-b6e4-e7106da3249c,1778694724689,1778694724997,308
43110d38-f732-43fb-a55c-cccfe88e018d,1778694724752,1778694724997,245
9bbee463-5743-4ad3-803c-188be32f85b7,1778694724795,1778694724997,202
7d7164b5-fc13-4468-abef-72bb779dd1d3,1778694724857,1778694724997,140
4ea44c0c-0579-4638-ae16-027cc624c056,1778694724898,1778694724997,99
1817ac9b-8454-4d4f-8979-9c811bfa03b6,1778694724961,1778694724997,36
4a50a73e-00a3-4c33-a8b1-03d243e4c4ff,1778694725002,1778694725498,496
ce8c5bd7-4770-44b1-b64e-966f8f67ecab,1778694725064,1778694725498,434
39f0423d-6472-4a56-be90-ad13f7d70940,1778694725106,1778694725498,392
0e34bea1-ff5b-46ad-b088-1027f9285704,1778694725169,1778694725498,329
554b560f-a6f6-484e-aa08-32b0973c873d,1778694725211,1778694725498,287
b05c54f1-6273-4f68-bdcc-98a7ead08440,1778694725273,1778694725498,225
4c1034a1-28d0-4bf9-99e3-c3a6f583f09c,1778694725316,1778694725498,182
3f48bb70-96ff-42dd-9e74-2588cf789804,1778694725378,1778694725498,120
5c0057b2-a22e-4eca-b248-5f5a9b32b5cd,1778694725421,1778694725498,77
bff2e291-0570-441c-a416-1de95ce99fd9,1778694725483,1778694725498,15
a5f264f0-7d70-4ead-8c75-e78e75dbf0f2,1778694725524,1778694725999,475
32fdddce-d007-45cf-ab45-e77ac6ff0002,1778694725588,1778694725999,411
976c1884-8b9c-4b4f-a7d2-da25e3313a1e,1778694725631,1778694725999,368
2f60a140-281e-44e4-874b-fbae7912a110,1778694725694,1778694725999,305
e199f3fc-36ae-4cfc-bfdb-339adbef8d8b,1778694725735,1778694725999,264
61632ab8-594a-4a82-bcfe-ab3b3174f81a,1778694725798,1778694725999,201
ea616886-6d2b-4060-bab4-379717cbcfe6,1778694725841,1778694725999,158
1bf2b583-8e7d-4dbf-acc2-8d72c7806151,1778694725902,1778694725999,97
5493bd2c-fc97-454e-8439-4c19c3807b65,1778694725945,1778694725999,54
160577e0-1917-4490-8d84-0f26ed93da5c,1778694726006,1778694726500,494
c7944fed-a5b9-4252-9481-66a2c4322aee,1778694726049,1778694726500,451
4648b7f3-ff0b-4147-9e6f-38be9c48750f,1778694726112,1778694726500,388
ccdb5d9f-4b75-4e6d-84ae-304352033e83,1778694726153,1778694726500,347
967893ac-760d-4633-84b1-4f405fd61e44,1778694726215,1778694726500,285
94c43959-172e-433f-8d90-f6c7f1882780,1778694726259,1778694726500,241
143d27bf-a999-412b-a434-6bf2be9dd0b2,1778694726322,1778694726500,178
9f31742d-1cb5-4741-8a5e-5a90b40a184a,1778694726363,1778694726500,137
b17ae5e2-9363-4a6e-b3a5-d57ff79535c0,1778694726427,1778694726500,73
d27f861c-22ff-45a5-8d4a-a189ac23485c,1778694726469,1778694726500,31
844fc856-cb70-476f-95ed-369a01b14dba,1778694726534,1778694726999,465
77127151-4fe9-4bf3-85a7-f11cd7d28aed,1778694726575,1778694726999,424
1d39e426-c6d9-4e73-9fe1-db187575052a,1778694726637,1778694726999,362
0b1e0019-0d2f-461c-8ed4-e16da51653c2,1778694726680,1778694726999,319
9fb6cfe5-0eed-4195-8051-52f5b8957497,1778694726743,1778694726999,256
580c9d90-43d8-4ed6-97c2-7c3415266aa1,1778694726785,1778694726999,214
ca12598b-846a-4091-93f0-c0053d58e282,1778694726848,1778694726999,151
dac29a34-7e5b-4b57-bb32-b9e533144265,1778694726890,1778694726999,109
8c1f15a5-68c5-48cf-86b0-b5e8011e79cf,1778694726952,1778694726999,47
09c1986c-f70e-4eca-b1ad-6e7ef8b23c3a,1778694726994,1778694726999,5
baa3df82-ba51-49e7-9b58-9696e1d8156c,1778694727058,1778694727500,442
31ac568c-ea49-4894-bc4d-df21ef85bcd3,1778694727101,1778694727500,399
d0639b4a-ae09-4c8b-af9f-6c95fb58b339,1778694727165,1778694727500,335
4901af56-255e-469b-9faa-364c339556d9,1778694727207,1778694727500,293
8e4730bf-8aac-4ac1-80aa-ad8a4d902fc6,1778694727270,1778694727500,230
7aa70acd-1059-4a3e-ad9b-f344def73acc,1778694727311,1778694727500,189
31c31efd-ded8-499e-b680-ba7d4dcef595,1778694727374,1778694727500,126
233e18e0-0d3f-443e-b303-70063874edb1,1778694727417,1778694727500,83
7986e55b-6563-4eee-ad59-be6bbc50ba0c,1778694727479,1778694727500,21
c99895cb-6632-49a9-b27e-0b3c8a48b044,1778694727520,1778694728001,481
29a8f6c2-2b4b-468d-8781-76df6e5cdd47,1778694727583,1778694728001,418
651de8eb-4e8a-4152-ae4a-21bbba5c1a95,1778694727625,1778694728001,376
9abb764a-8b0e-4a90-963c-d2cd06e16ac7,1778694727689,1778694728001,312
e7454d8f-3f40-4ce1-8eaa-687db231a3ee,1778694727732,1778694728001,269
5c66ad93-13b3-4181-90c9-1f3978046168,1778694727795,1778694728001,206
43d756c5-4ce1-46e2-ac92-b59712acbfff,1778694727836,1778694728001,165
0ff12ed8-94bb-4d3f-b0f4-1641c9e053a6,1778694727899,1778694728001,102
92db85c2-b220-4622-ac91-eada8ae8fdd2,1778694727942,1778694728001,59
e89c9222-7d44-4385-8548-9a3af4f79c24,1778694728004,1778694728502,498
0d28ee4a-f177-401d-a8fe-27762825bab2,1778694728046,1778694728502,456
0fe63f8f-ce3d-4d47-a2c9-76422c558e4d,1778694728109,1778694728502,393
c73ccf63-f144-4d24-885d-adbcdff74f91,1778694728152,1778694728502,350
fc3825b7-b9bd-4ce7-9262-f9f157a029f0,1778694728215,1778694728502,287
03732c76-1b1b-487b-9970-745f85e01553,1778694728257,1778694728502,245
045ab07f-9349-4645-9082-b2f50a2cc5a5,1778694728319,1778694728502,183
afae7c42-daa7-4748-814f-06065b0865bb,1778694728360,1778694728502,142
5a5bb2a3-e22d-4cc4-beee-9b213a77d06d,1778694728422,1778694728502,80
b9a246ab-df17-43bd-9124-07cd26b2a5c7,1778694728464,1778694728502,38
fd5236b9-ee0a-4843-8340-fab4335d3e7e,1778694728526,1778694729002,476
1ec77a88-b6ab-4aac-828b-8741696dae39,1778694728569,1778694729002,433
9074ea2a-46a8-4199-8711-26ebe3f0ffbe,1778694728631,1778694729002,371
ff3075d1-8da2-42f9-bac5-6acdd7c698e9,1778694728673,1778694729002,329
d6ca24ac-f57d-415d-a4a9-e25c685a66e0,1778694728735,1778694729002,267
4a95165a-f9a6-4635-9507-9e09310c3acb,1778694728777,1778694729002,225
120b9414-f6a3-4e1c-a1f1-e1dd516f807c,1778694728842,1778694729002,160
20ecc557-349b-4f3e-b50c-e3a5849c7a88,1778694728883,1778694729002,119
33db2893-e758-4cc4-9b44-b881f6aec6a4,1778694728945,1778694729002,57
ba6f4433-4195-43fa-aab7-5c97cf59bbb5,1778694728987,1778694729002,15
a9562815-a2fa-46ee-a436-4204b5c2504e,1778694729049,1778694729503,454
d486bc30-c976-4874-bc0c-2c732c459837,1778694729091,1778694729503,412
deae9174-d857-4422-957f-c3909cd4a19d,1778694729154,1778694729503,349
7a6afd1a-32e8-4bf3-9324-640ac05597cc,1778694729196,1778694729503,307
01c1170a-facf-4438-99ae-ce25f4e2d220,1778694729258,1778694729503,245
ddb60438-226c-410f-9b19-ac46ccf1dcb9,1778694729300,1778694729503,203
dd0f5229-fcfe-44d9-948e-772f944c379d,1778694729363,1778694729503,140
e1220ca5-436c-4146-a510-e0412cbc9767,1778694729405,1778694729503,98
02492d44-d5b4-42ab-9121-bca13db85d7e,1778694729468,1778694729503,35
209c30b9-8dc4-4708-85d2-435eb262998f,1778694729510,1778694730004,494
36fe1dfa-6be5-4303-9971-33a8ced5acbd,1778694729573,1778694730004,431
1d934c45-8bfd-4968-a622-23daac530d83,1778694729616,1778694730004,388
8780696b-581b-4efd-b968-f34546dba608,1778694729679,1778694730004,325
386c1609-3c0e-4fd7-a721-4f3746207c0e,1778694729721,1778694730004,283
18670733-5347-42a5-be34-00247124e89a,1778694729785,1778694730004,219
f1ae954d-04d1-43d6-bf18-d8bc362e183a,1778694729828,1778694730004,176
6931d7d0-259e-46b4-be74-985b35414fa1,1778694729891,1778694730004,113
3a6c4bef-2f3a-41f3-81dc-8f8a517a58d3,1778694729933,1778694730004,71
2121d1a0-6d96-4553-bdb0-4dd374271e26,1778694729994,1778694730004,10
1e18e1e6-5122-4d03-b5c4-37966eed4aee,1778694730036,1778694730504,468
1e3cc654-70e4-48ad-8dbb-60782b990892,1778694730099,1778694730504,405
d5fb75f4-45a8-46cd-846f-f02f8e3189dc,1778694730141,1778694730504,363
90727bc4-02f3-40c2-b164-fc9013bd4008,1778694730204,1778694730504,300
c45e3831-afc7-49f5-8d47-cac5086c2e7c,1778694730245,1778694730504,259
71d5cce6-4fc9-4a49-979b-816dab150c1c,1778694730309,1778694730504,195
e4378521-cbe3-4d56-8c15-7eb3fd89c63c,1778694730352,1778694730504,152
34173952-fbd7-4540-8541-38835a8d4584,1778694730414,1778694730504,90
6be81c13-b2d8-47d4-b3f7-58a601826fd0,1778694730456,1778694730504,48
4a553551-ccfa-4420-8949-d5b755779d56,1778694730518,1778694731004,486
b1a6e723-3500-4b73-8398-22784cb52972,1778694730561,1778694731004,443
3c250b34-9762-419f-97ed-456247c137c2,1778694730624,1778694731004,380
8724cadf-3780-4f92-af9c-703c12cc3976,1778694730666,1778694731004,338
4810722d-99a1-4d83-a1b9-4e55d36530c6,1778694730729,1778694731004,275
5b31b307-d25b-4bb0-840d-4b14958530e0,1778694730771,1778694731004,233
5314ca4a-6331-4a35-9168-bf97413bfad2,1778694730833,1778694731004,171
ef618a21-dc59-44f0-b522-fc29ada96ecb,1778694730876,1778694731004,128
75b1de77-65d1-49bf-8d4f-a5995d0272d8,1778694730938,1778694731004,66
e1b3ff2c-6e62-4518-a1b2-cc1dea7acfd7,1778694730982,1778694731004,22
de94da1b-361a-489f-a189-4e325d56b85d,1778694731043,1778694731506,463
b466c3a0-202e-4a39-bf64-d12022780cfb,1778694731084,1778694731506,422
a2dd2a3c-2411-4344-b639-ef8c05295ddc,1778694731147,1778694731506,359
8ff41139-64e0-47bd-a430-1263be4babfe,1778694731191,1778694731506,315
14ce164d-1433-4191-bf6a-50c7355f9c8e,1778694731253,1778694731506,253
f9abdab2-fb68-4cb2-834a-16c4437428c9,1778694731296,1778694731506,210
7ff227c1-b57a-48c6-9fcb-84feff19b16a,1778694731360,1778694731506,146
b9767591-6b90-4768-802a-16b9b4b29a6a,1778694731401,1778694731506,105
021bc12b-4d7d-409d-924f-afe4177b56d8,1778694731464,1778694731506,42
609ba6e4-08f6-4b5d-9d7d-8cda0410a980,1778694731506,1778694732006,500
fbba79ae-68ce-492a-a772-53f5904564b6,1778694731570,1778694732006,436
f2b2ccb6-6394-4037-b5b7-414806fe9554,1778694731613,1778694732006,393
f293a367-57a9-4946-8de2-78632fc4c21c,1778694731677,1778694732006,329
2d21538f-5bd8-43c3-9538-783043243029,1778694731719,1778694732006,287
508cbdf9-4248-4187-8d28-d7a5eb1fe400,1778694731781,1778694732006,225
091f662e-1812-473b-ae9b-cf621ca29514,1778694731824,1778694732006,182
03a7388d-abc9-40f0-86e7-37b208443e5c,1778694731886,1778694732006,120
ea1dd133-51c7-44bf-a645-e94e23f3734c,1778694731929,1778694732006,77
a44a5886-e73f-4839-85fe-9e6ef7aa4f4b,1778694731991,1778694732006,15
dee6a4ab-dd35-4d8b-aac0-be2464bc249a,1778694732033,1778694732507,474
89a43718-295f-4ab5-9ab5-32d080df70a5,1778694732097,1778694732507,410
931f1c14-f69b-4acb-89d3-3ec9e3e71dc8,1778694732138,1778694732507,369
8ad1546a-2389-4a84-9e9c-5b996196fb17,1778694732201,1778694732507,306
d75b5048-8662-434c-bd22-27eb72f3a9ad,1778694732243,1778694732507,264
fbf98481-c9fa-4b28-8753-9786d0173f4d,1778694732305,1778694732507,202
2b1ad7d4-deb5-498b-a110-6014f53935c7,1778694732347,1778694732507,160
47b98a92-e5fa-4286-86d3-4f901c4c4637,1778694732409,1778694732507,98
460c6009-3293-4144-aa4a-921c155480bc,1778694732450,1778694732507,57
83c575d5-d385-4461-a947-a469e6f5a581,1778694732512,1778694733009,497
58f50cf8-7b64-4379-9247-dabf932eb478,1778694732554,1778694733009,455
888f067c-14f7-4a62-830c-e854124329f6,1778694732616,1778694733009,393
6009731a-27e3-4675-b321-3305a994669f,1778694732658,1778694733009,351
6f800381-24f8-466d-85f8-69c208ae8cd1,1778694732722,1778694733009,287
95af968f-a5f2-4e3a-882b-20cf393f4f7d,1778694732766,1778694733009,243
f9f0868b-742d-419e-ba68-37debf1a850d,1778694732828,1778694733009,181
33e1bfc4-8b52-427a-bcc9-13a64561c938,1778694732871,1778694733009,138
4140a4fa-fec6-44a9-8c00-02d1dd73d6f8,1778694732933,1778694733009,76
47f123b2-4f3d-4414-82d1-da1f2cdce451,1778694732974,1778694733009,35
f91cf3ef-9a9d-47c0-a96f-d278807f7931,1778694733038,1778694733509,471
60da8a88-62bc-4a11-826a-be5e3fc22d26,1778694733080,1778694733509,429
c964c787-48b7-4885-9420-bc9bdf3a1450,1778694733145,1778694733509,364
5c49aef9-4002-48d5-aa62-fda8fc28f412,1778694733188,1778694733509,321
67528a8b-fc8f-48f9-b971-2e7f1fff0f8d,1778694733252,1778694733509,257
09f17995-0ef6-4168-ac29-87e6433fa53a,1778694733295,1778694733509,214
775b4359-055a-4a9e-a6f0-109107560592,1778694733357,1778694733509,152
93cbf5c3-124c-4a34-8530-d6d3354be024,1778694733399,1778694733509,110
a172ef2a-6527-448b-8548-26b8fe2c28b7,1778694733461,1778694733509,48
8a6bfb48-c395-427c-a20f-a52a8da741fb,1778694733502,1778694733509,7
4358996a-3d8e-4385-93eb-fe2e4ab22873,1778694733565,1778694734010,445
15c339ba-e605-4b8e-8242-878c235bf764,1778694733607,1778694734010,403
2109ad5a-d57f-4353-ab0d-34ba46b54ea7,1778694733670,1778694734010,340
8fe7bc73-42be-45ab-8b89-b82e0d282ee5,1778694733712,1778694734010,298
ef6c6a80-3575-4b67-a77b-0c591ec21daf,1778694733774,1778694734010,236
9ce8455c-5dfb-46f0-b2b4-856beafe05b5,1778694733816,1778694734010,194
ad2f5a3a-4caa-4988-8e08-caaccbd94284,1778694733879,1778694734010,131
82d4b959-80da-495b-ae66-5dd57d8b9e52,1778694733921,1778694734010,89
c844fe5c-4f56-41d5-8cc2-b5175adda235,1778694733982,1778694734010,28
cf261e7e-7897-4778-be41-71da248043b8,1778694734023,1778694734510,487
3dda8eff-c356-4b06-b89f-4fcc5b297724,1778694734088,1778694734510,422
bcd6ce0f-342f-4871-8890-6fcc2db56e32,1778694734130,1778694734510,380
a46580da-f0c0-4710-9f10-041cd0dcaf29,1778694734192,1778694734510,318
d0d602ac-5e76-40ec-81b6-947f46fb9674,1778694734234,1778694734510,276
5a0747b2-96cb-443a-9065-ed92663ae4ea,1778694734297,1778694734510,213
fa3b1337-e685-4878-8d7d-18ec863d0c20,1778694734339,1778694734510,171
24001805-0f13-422a-9208-cd8074993e0e,1778694734402,1778694734510,108
c4730fd8-a39f-4f34-85e2-07e47ad079aa,1778694734443,1778694734510,67
95157735-207a-426f-8d58-356a6d073a3f,1778694734506,1778694734510,4
c5f69442-3159-444e-9011-732e5e864a76,1778694734548,1778694735010,462
d7de8e01-df8a-437a-a690-f365e7fb73b8,1778694734611,1778694735010,399
d3686e3d-e338-4291-9eb7-0cbaf09cde79,1778694734652,1778694735010,358
5e48c9ec-0897-48ed-8b3c-50e5ba692d76,1778694734714,1778694735010,296
43b6ea6f-de07-4230-a46e-e89ea4f68e43,1778694734757,1778694735010,253
17d0e015-98af-4182-afd4-c5e17b66ae8b,1778694734820,1778694735010,190
d749b5a9-e3ad-409e-9d6e-a58a603b84ac,1778694734861,1778694735010,149
8081a31b-bee5-4590-9e6b-1a4a39505b23,1778694734924,1778694735010,86
540f4181-f654-4b35-8861-c0b3c823d53d,1778694734966,1778694735010,44
b7754ec2-6bba-45a2-9d4a-00fa1f9032a2,1778694735028,1778694735512,484
855a8417-0974-48b3-ba90-940511f0544f,1778694735071,1778694735512,441
adcef7f7-61e6-4bb6-913f-3e9cf35e416b,1778694735133,1778694735512,379
59abf699-384b-4244-8f11-0ecf045f74cc,1778694735176,1778694735512,336
ab83c355-fc0a-4a88-9723-e5f0ba1a93b2,1778694735239,1778694735512,273
bd0d091c-5adb-4c70-99ff-e8e0530a5cda,1778694735281,1778694735512,231
c78e8ee7-1ff5-487b-8d50-7fe7d43faae9,1778694735344,1778694735512,168
e8297ce9-6a40-4156-a760-edd0ded46a42,1778694735386,1778694735512,126
cf0f3ac0-72e3-4cab-a471-295af5914366,1778694735448,1778694735512,64
19dd2ffa-48a2-4e04-8f18-2a1420acbdf7,1778694735492,1778694735512,20
7ab0bf9a-e0b0-4fa0-8387-8bbb383c60ab,1778694735554,1778694736012,458
cd67afa8-0564-44a4-8026-00093e3a4bb8,1778694735596,1778694736012,416
bd21a5f7-279d-4da8-a893-6cbaedcfd45f,1778694735657,1778694736012,355
185521bc-9488-4038-adf0-1dbdfc3aff58,1778694735699,1778694736012,313
3693d4a1-f580-457c-ad7e-b1cef43e7eb1,1778694735763,1778694736012,249
4ff01196-34a8-4200-a1f5-d04fa4ef862c,1778694735805,1778694736012,207
5985bc88-6b5e-49a2-8898-eb04a517a720,1778694735868,1778694736012,144
cf0a94d6-b859-4cf5-9173-ed25980a6696,1778694735910,1778694736012,102
0a577a6b-9c75-4435-818d-8420b2c67434,1778694735972,1778694736012,40
1278b5c0-1c53-4c55-8193-5d0e6381ca7e,1778694736014,1778694736514,500
aa857933-c541-401c-a0dc-7b43d2ac140a,1778694736077,1778694736514,437
4031fc0a-116f-4d4b-976b-91d4f5a98d9d,1778694736119,1778694736514,395
04b9da70-b61c-4ce4-8ac9-a1711ded91b5,1778694736181,1778694736514,333
c7e7abc5-a591-4add-bf84-940da1c4d5b2,1778694736223,1778694736514,291
7208fa63-0c39-40dc-8b8a-2ab362588d3e,1778694736286,1778694736514,228
a5c6f83f-0d18-410d-982c-6880bb597fd7,1778694736328,1778694736514,186
17184645-aeec-42dd-8059-97d47de23bd7,1778694736392,1778694736514,122
0d541477-0657-4aa4-ac7c-a8cb4df38c37,1778694736434,1778694736514,80
849ce2b1-81d1-41ca-b904-294e51dd7f0f,1778694736496,1778694736514,18
f5850a5f-76cc-4c7a-9eab-9dc2d4f364dd,1778694736539,1778694737016,477
549b5446-f5b4-49de-83c9-cf4a584854b2,1778694736601,1778694737016,415
d8d8d405-34b2-485f-8d97-45f3d8b7a602,1778694736644,1778694737016,372
8712bf67-8535-46c8-a69b-e707d7891bf1,1778694736707,1778694737016,309
132afa0b-4d27-4a8f-a719-386207960abb,1778694736749,1778694737016,267
35f223d0-dfea-4c85-84de-02d192b32abc,1778694736812,1778694737016,204
6d61e2ca-cdeb-429c-a574-3ff727c38829,1778694736853,1778694737016,163
5377dde1-95fd-409f-b62e-6a9f137779cf,1778694736918,1778694737016,98
30bd3d9e-dc25-41fc-9044-acae572a6c9b,1778694736959,1778694737016,57
1b73107a-d827-4bfd-83b7-13f8a54ab8b3,1778694737022,1778694737517,495
31e00601-e036-472d-b75c-654c7565daab,1778694737064,1778694737517,453
d29bc0ae-9f7b-41e7-af39-2c3ce60f8a18,1778694737128,1778694737517,389
abf8d36c-045b-46f4-8c56-bcd4a176dc81,1778694737170,1778694737517,347
123fd170-8d3f-4c29-a30d-0b32c7320fff,1778694737234,1778694737517,283
402a8c5e-767a-4b2c-b1c1-62bb6ad1469e,1778694737276,1778694737517,241
db64dd7a-a606-43aa-8135-c2a890647d78,1778694737339,1778694737517,178
ced86a72-29ae-4079-8439-d61ca22d132d,1778694737381,1778694737517,136
cf702192-c9ca-49bd-9b45-d68e6345126a,1778694737444,1778694737517,73
c3208c30-564a-407a-8758-bdd7952ba78c,1778694737485,1778694737517,32
10477480-c1ba-4a87-97d4-3a9c17db3160,1778694737550,1778694738016,466
79bbebe0-acba-4c08-a3b9-f082af90f69b,1778694737593,1778694738016,423
701350c4-caa6-4bf0-b673-d597b6a19512,1778694737656,1778694738016,360
050b9f17-9403-4b5f-8fe9-eab8148a926e,1778694737698,1778694738016,318
159ca03c-c3ed-44db-adfb-895b09cc57a7,1778694737760,1778694738016,256
054d4e3f-23f6-4726-8db8-45cbc745bf47,1778694737803,1778694738016,213
26408b38-56ca-41b2-a584-b07d0c886009,1778694737865,1778694738016,151
9758fd80-c832-4b7f-a266-f35312971cb9,1778694737908,1778694738016,108
665b9b04-12c3-45ee-8cb3-ed09edec303a,1778694737971,1778694738016,45
a350c65f-e44b-4bc9-a5af-c3dd40828ec8,1778694738014,1778694738516,502
bd8f3ede-4f0b-4c6c-951e-42235b919d01,1778694738078,1778694738516,438
fc21ada8-a63f-47dc-aa1b-23cf1877e989,1778694738118,1778694738516,398
be161567-0141-4288-bf57-4ee4cc2ad7fc,1778694738182,1778694738516,334
6835ba42-36a3-42bc-afaa-d45d3db594bc,1778694738223,1778694738516,293
77e57eb8-0e17-4634-9234-b1034acba079,1778694738285,1778694738516,231
a5c40fc3-feba-477f-ac3a-20814e59002e,1778694738327,1778694738516,189
6cb7a517-522a-4230-b97a-f82962e0180f,1778694738389,1778694738516,127
0c11b4b2-7239-4eb7-b98c-514c02d66f33,1778694738431,1778694738516,85
2bae1a8b-0c66-4ec4-8c2e-6efda5a52bc1,1778694738495,1778694738516,21
5de75c37-9dce-4589-9c27-a58b883db260,1778694738537,1778694739017,480
ed1ec489-2058-42a0-a278-72cdde850720,1778694738599,1778694739017,418
e86d07ef-bb56-4488-b439-86605d5267b4,1778694738641,1778694739017,376
c3235b5b-3790-4927-b71a-8ed724d44220,1778694738704,1778694739017,313
006e65b7-303d-4bf6-8f24-0847dc7829f6,1778694738746,1778694739017,271
ee222762-a760-4fa5-aba9-9cb02910d8c2,1778694738809,1778694739017,208
42e283ac-e2cd-43c2-9f1a-928e56916802,1778694738851,1778694739017,166
5b2f1048-6b91-40a4-9dcf-54da2c6538b3,1778694738914,1778694739017,103
63ca25a5-6259-4b39-9fdd-72592713d183,1778694738956,1778694739017,61
57b7887d-eaea-4364-8d4f-3fbae4c4376d,1778694739018,1778694739518,500
5249d53c-4f73-410a-aed1-1b1a04bc81db,1778694739061,1778694739518,457
721eae90-9db9-4ef4-8d86-856402185e8a,1778694739124,1778694739518,394
8e0ab917-7a10-489c-847e-c403ff734bcb,1778694739168,1778694739518,350
6642aa16-671a-4c8c-bbf3-67489e968832,1778694739231,1778694739518,287
6ae0a6b4-2b6a-44ad-90e1-778396ec6da9,1778694739272,1778694739518,246
3a96c149-5635-4583-84ab-fce22f89d67a,1778694739335,1778694739518,183
dd44b1f4-8d08-4297-a030-2e62e41b91a3,1778694739377,1778694739518,141
52fe8cff-c019-42ed-a2f5-b725d90fbc02,1778694739440,1778694739518,78
ff39f1c2-f4a0-456c-a06a-89ea4639f8fc,1778694739481,1778694739518,37
77207386-d4f6-42f6-a4c2-6483cd011398,1778694739544,1778694740018,474
3a20a02b-5df8-4e5b-aab0-3b8fd15bfce7,1778694739587,1778694740018,431
e1bbf0de-9abc-4c93-83e3-af24c0ffe22a,1778694739649,1778694740018,369
bb305429-ef51-4b83-8ec7-6206bdd3d042,1778694739691,1778694740018,327
230f6501-f2d5-435a-9a3b-8b46680bd8dc,1778694739754,1778694740018,264
8875e709-525e-42b9-836c-6ef17354d243,1778694739796,1778694740018,222
ec628bb4-b6da-4e63-807c-7aa8da4cd24a,1778694739858,1778694740018,160
c5232511-030c-48e5-b913-c6acb5db92ef,1778694739901,1778694740018,117
1bd490f6-a966-441b-b566-df3cd9897265,1778694739963,1778694740018,55
d2006e36-f718-443b-91fe-3241391169ab,1778694740005,1778694740018,13
1202a1db-4904-43de-9b1a-852dccefae4a,1778694740068,1778694740519,451
a22aa263-9794-4e43-abec-2cbacf3b443b,1778694740110,1778694740519,409
3ac3bfbb-87ba-4cfc-9023-b64ca5e8264f,1778694740173,1778694740519,346
14ea1e2d-d297-441f-85e2-7c2d8474f258,1778694740216,1778694740519,303
c0bf1500-17ab-4e38-841e-b3ccaa499743,1778694740277,1778694740519,242
8e3c524a-aa8e-4226-afec-2e6dced47533,1778694740319,1778694740519,200
82ca90c6-7b95-42bf-9fe1-681476cd4441,1778694740382,1778694740519,137
7bd9eeaf-23ac-45ef-b089-d7c5638ce1d9,1778694740425,1778694740519,94
16dd0a25-889c-4e69-9b6b-e160ab715171,1778694740487,1778694740519,32
d4c40ca9-cb6f-4a4b-be80-179f3ff79f05,1778694740529,1778694741018,489
62ec9fd7-047f-483b-947a-f096c62962e6,1778694740592,1778694741018,426
64d3cb11-c16b-4510-aa9c-fde73a79e387,1778694740635,1778694741018,383
381f50f1-5830-41cf-b723-9f62ec176ae6,1778694740697,1778694741018,321
12e30132-01bf-4487-bb29-cd0b5531df25,1778694740738,1778694741018,280
1e658b81-69b5-4ef4-9a4c-f014a7152b9f,1778694740802,1778694741018,216
dc73895d-8df0-4e51-a7c0-906f5f71b59a,1778694740845,1778694741018,173
1bb2834f-606f-414c-8d62-328dbaadfac4,1778694740907,1778694741018,111
54612e59-138d-41ed-bc16-669cb43555f9,1778694740948,1778694741018,70
08b8630b-b0f1-4425-8e7c-c400558d93d5,1778694741012,1778694741018,6
726e3e36-9db5-4063-83ef-5df3897f4b05,1778694741054,1778694741519,465
d74eeb7c-6018-42cc-a67b-387e5917917a,1778694741116,1778694741519,403
ec2077b4-de3b-4218-a3b0-290763486322,1778694741159,1778694741519,360
25d18608-9f54-408b-b6fd-9cef9be88f52,1778694741222,1778694741519,297
5c35fea5-a9de-4541-a408-d9a817bf5998,1778694741264,1778694741519,255
0deeeefe-0505-4607-8f48-e2f62c749491,1778694741328,1778694741519,191
576778b6-6d75-4d5a-abd9-82903ecdab3e,1778694741369,1778694741519,150
f64b809b-e6fa-4fc7-b042-1269de91917f,1778694741432,1778694741519,87
659f1994-ff0f-4157-b1fa-ac26d6106673,1778694741473,1778694741519,46
bb125994-ca92-453b-85a9-07ff54461292,1778694741536,1778694742021,485
3c09ef71-83b6-4dcd-9398-80a9a11e7c7e,1778694741578,1778694742021,443
adba1881-628e-4259-8968-51e8b5cc45bf,1778694741641,1778694742021,380
7eca4caf-d94c-4a18-b55e-219750988f5b,1778694741683,1778694742021,338
6d9daa91-99df-498a-bd1c-060af408774a,1778694741746,1778694742021,275
3b492099-b54c-49d7-a474-e0a45ca7212c,1778694741788,1778694742021,233
a6a25441-0cda-4939-8af0-e27f2c0abc49,1778694741851,1778694742021,170
8fb90129-5e4b-46fe-ac0c-7e1b3df9762a,1778694741893,1778694742021,128
8041d73c-a7a7-483e-a8af-6eefe38de149,1778694741956,1778694742021,65
ae136a66-da48-4c78-9f60-6baa60aaf434,1778694741998,1778694742021,23
f67e23d4-40b7-41b3-a479-1e2e4c91f684,1778694742061,1778694742522,461
45f428bd-ced5-41f9-8d0d-6c7e9dbd38e0,1778694742104,1778694742522,418
15d4962e-cb12-4aff-8237-a70500abd42e,1778694742166,1778694742522,356
239a101d-74b3-4a1c-a7e1-811beb75af65,1778694742209,1778694742522,313
b2a9d280-9920-41af-a3f7-6d55802ecf86,1778694742272,1778694742522,250
83c7ac95-4861-4650-bc99-39ec3b666a53,1778694742314,1778694742522,208
355621a9-f1ba-4083-b9de-7406d665dfa9,1778694742378,1778694742522,144
f7f6e8a8-0716-4d01-98d7-d6b959f473d2,1778694742420,1778694742522,102
2007fb04-1064-46ca-b679-891d250a4d82,1778694742482,1778694742522,40
36635ede-2176-4271-aef4-4968eb22c72d,1778694742524,1778694743022,498
08927f93-0bb6-4a06-a428-6d093f028d5c,1778694742587,1778694743022,435
dae88f6e-ec9c-42f2-b744-65eb9aa0c8a4,1778694742629,1778694743022,393
cae87cbb-66c2-450c-9f49-4bf9ec3a0d12,1778694742691,1778694743022,331
4d14f9d0-f249-40c2-8359-c7fa605cab6a,1778694742733,1778694743022,289
f3de8287-1259-4f68-a95a-b50674352401,1778694742796,1778694743022,226
067680f8-96d0-41bf-b079-2b9e0a98f69d,1778694742838,1778694743022,184
33254029-d5a3-4a6f-8660-dd05eb79e627,1778694742900,1778694743022,122
489f49ec-aaa9-4530-9f35-b3606463206a,1778694742942,1778694743022,80
3b9bc554-f943-4985-b11d-fdc8c419d8bb,1778694743005,1778694743022,17
cc2ba63f-f71e-42a5-9a3c-0f3cc2d9f8ce,1778694743049,1778694743524,475
aa84ad19-ccfd-46de-a5f4-78b50a405186,1778694743122,1778694743524,402
56c3c52d-84e2-486c-9db0-6f4f38798c2e,1778694743154,1778694743524,370
695753e8-e093-4fe0-8d44-07a15476e45a,1778694743217,1778694743524,307
32fbac8f-f62b-4e05-bd00-0a32c27f8996,1778694743259,1778694743524,265
99482254-6c79-4b52-88e7-c6ed973e6a16,1778694743322,1778694743524,202
e21c9a55-487a-4325-8943-c716447ff20e,1778694743364,1778694743524,160
1eb7aa5d-956e-4884-8b2b-1262f1c8b998,1778694743428,1778694743524,96
b32ff563-6637-46e8-9a0c-5b7ac475dbf6,1778694743469,1778694743524,55
6ffb3c4b-a761-477f-b70d-82e6af7900ad,1778694743531,1778694744025,494
2b23156d-b0a2-43b9-ad1c-7b24265b76fb,1778694743574,1778694744025,451
e8a8528b-d91e-4bae-9975-0069c453d231,1778694743637,1778694744025,388
af84fea0-d1c2-4479-8c69-4933e4cd0421,1778694743677,1778694744025,348
30709250-74fe-4fb2-a5ac-4a21032d8121,1778694743739,1778694744025,286
b822890f-45e0-4977-9318-fdfddb9e426a,1778694743782,1778694744025,243
ca957142-3502-4cbb-963c-36907869bb79,1778694743844,1778694744025,181
cef363b9-f76c-4f71-9a4d-6ee7aded39e8,1778694743885,1778694744025,140
ecacced4-0b3f-4a04-a7e4-b7ce3fadace2,1778694743949,1778694744025,76
8c7f8081-ddaf-4f51-b828-8ba9d9391cbd,1778694743990,1778694744025,35
a8d2bdb3-6538-42fc-9941-9122dc11fcf7,1778694744053,1778694744526,473
558c2e6d-2e89-4837-9a4c-9e6502c2bf1f,1778694744096,1778694744526,430
33e4a211-d553-4069-b740-2b6f120a7c4a,1778694744160,1778694744526,366
0852d48d-c557-48b4-b0b7-bf6606aca081,1778694744203,1778694744526,323
0005647e-7898-4f44-bac3-b2c52cd723b5,1778694744266,1778694744526,260
5ff40bd2-9cac-4a8c-bfe3-5d4791038a3a,1778694744308,1778694744526,218
bedfc170-a8d6-4328-94da-da45c2ef315c,1778694744371,1778694744526,155
fce97ce2-75d7-453a-a3c8-9ec27a7a2a21,1778694744413,1778694744526,113
0508c14a-4878-4181-9222-f79fd6d3b686,1778694744476,1778694744526,50
32cc4aea-bfd1-4782-b68f-fe6dca36d0b2,1778694744518,1778694744526,8
63a6351f-770c-46a6-8926-99157d2be16b,1778694744581,1778694745026,445
40e56dc3-7789-483a-93f1-29b971dd4428,1778694744623,1778694745026,403
653c1a69-7f13-4153-b44e-09e922c51ccd,1778694744686,1778694745026,340
6f2b03d4-6432-4c3c-920d-55f3fd781ffb,1778694744728,1778694745026,298
93b77536-b5a4-4cd0-be36-7e6b2d80dfb2,1778694744791,1778694745026,235
9ac528dc-3f8d-4e3a-9ac8-120aea69d8b0,1778694744833,1778694745026,193
457d7f31-7c41-4082-9368-78dee395155e,1778694744896,1778694745026,130
12a6e272-e6c2-4394-be84-c9fea6220470,1778694744938,1778694745026,88
c28e2a48-9115-4d3b-821f-42cf93372f48,1778694745001,1778694745026,25
b25e1792-2f24-4714-af3a-6eaadf5262a2,1778694745043,1778694745527,484
777eddbe-1a52-4386-9f5a-6ffcba1f2d8f,1778694745106,1778694745527,421
b6a4399f-a229-4645-af9d-43432c3debca,1778694745149,1778694745527,378
299cf7bd-5378-486d-bdd3-97472a6766ce,1778694745212,1778694745527,315
10eeb05c-aa04-45f6-b20a-7772f2e5551c,1778694745254,1778694745527,273
2de9fddb-0112-47b0-82a4-45251f85b7b2,1778694745317,1778694745527,210
125b753f-507e-4797-b4f0-2f4136da4a29,1778694745359,1778694745527,168
c96a8e62-697a-4c58-842c-f86a3b802390,1778694745422,1778694745527,105
17d08c78-532a-4536-8b29-bdf6db5b4f1e,1778694745464,1778694745527,63
eb38e4ca-d60e-4b78-b4e6-c9cacd04bbc7,1778694745528,1778694746029,501
a998d4f6-e6b4-4dc8-ae90-fad52b12778a,1778694745570,1778694746029,459
698da376-93b0-4cb2-8053-4077a90ace90,1778694745632,1778694746029,397
c8cddae7-59d6-4761-ab10-13a60ab5a58c,1778694745675,1778694746029,354
35573904-f558-44fb-8cdf-3c23ab3c2251,1778694745736,1778694746029,293
541fd2a8-1d0d-467d-90a2-1040a900ee22,1778694745779,1778694746029,250
db7181e2-27f7-4c32-a65b-ee94ffb2ce34,1778694745842,1778694746029,187
5a7ea264-a18e-460f-bb09-e68c36e11784,1778694745885,1778694746029,144
7698baf2-74ca-4eb7-b622-79b8a5d5d8d1,1778694745949,1778694746029,80
fc263afa-a075-4c4d-a680-5844e8ac9745,1778694745991,1778694746029,38
f1e160bf-dc86-46c0-83fc-b457734b3268,1778694746053,1778694746529,476
e9ecb686-b24a-436d-9579-9d12d9eb6a6d,1778694746095,1778694746529,434
8e5d912d-6cb8-45f5-a556-33bd6d631e95,1778694746158,1778694746529,371
b4cdcca6-1ca8-4c30-ac65-b29f4e19a2dd,1778694746198,1778694746529,331
1ad0c119-75e8-4fd7-a517-645f95147fff,1778694746261,1778694746529,268
9501c3b8-9e77-4c6d-bb81-67ce99fc7a7e,1778694746303,1778694746529,226
f1e33a85-1a53-41f1-b3ab-6e069621b888,1778694746366,1778694746529,163
700937e0-8701-40ad-a26b-9d28bada441a,1778694746409,1778694746529,120
d81a608d-862a-40bd-b7bf-daaea5aa8378,1778694746471,1778694746529,58
ab41e0e7-7569-43ff-8e1e-e3bd478a50ba,1778694746512,1778694746529,17
bb91b1e5-5789-423d-bf9a-43840a6fd126,1778694746574,1778694747030,456
37ac5a84-9d44-403d-a7c2-72bb30405b69,1778694746616,1778694747030,414
653ab9db-68a6-43df-92c6-37cb3e9ce258,1778694746680,1778694747030,350
b08c1345-6573-4fc6-8f3c-54da0ec3d31f,1778694746724,1778694747030,306
13f36434-5e96-444e-9a17-523babcb274c,1778694746786,1778694747030,244
c0423f1c-10ae-48ad-b4b6-5b3d3656cac0,1778694746829,1778694747030,201
b6636075-5054-4cf0-9999-f207e0d8acce,1778694746891,1778694747030,139
9d128278-a667-446a-8152-96bd6522e72e,1778694746934,1778694747030,96
4713e848-cc83-487b-b4ca-92d67d6eceea,1778694746996,1778694747030,34
3ce2e543-3f71-45a7-8ae2-370ac928d2c2,1778694747039,1778694747532,493
ba1679d2-76a8-4e54-897d-26f843eff10a,1778694747103,1778694747532,429
e8969901-5e6c-4fe8-b89e-7a6596ad61f7,1778694747145,1778694747532,387
6a63b80d-9d81-449a-9fe5-a0945e5769fc,1778694747208,1778694747532,324
14ed45eb-5304-4f9b-909e-c9e592852620,1778694747251,1778694747532,281
705e3576-a7d3-4def-a56d-ea12e501abac,1778694747314,1778694747532,218
4cb2e1e5-222d-430f-bbee-5403c0c4de9e,1778694747356,1778694747532,176
6f106fa5-3e61-46be-a231-a42cde0b3333,1778694747419,1778694747532,113
d4d70e00-df5b-4041-bb2f-98eda36a44e5,1778694747461,1778694747532,71
db0100fe-5672-48dd-8b3e-cc608f9c1da8,1778694747524,1778694747532,8
3e346c8a-c922-4835-b96d-dd34a6863bad,1778694747566,1778694748032,466
010a33ce-b51e-43df-80ee-e564af9b7a2c,1778694747629,1778694748032,403
b59a5092-4656-4bad-875c-3def82d14fe3,1778694747670,1778694748032,362
88f5bbf8-7596-4649-a33a-15487c62d578,1778694747733,1778694748032,299
9ee41f9a-9b45-467d-a4fd-fc9f04d0f74f,1778694747775,1778694748032,257
27e4c460-8758-4b10-b347-8f383cc4f895,1778694747837,1778694748032,195
df368f75-1e7f-4cd4-b26b-c80200e1064f,1778694747879,1778694748032,153
a71b2918-7315-47fa-ada7-f64481ed3ba0,1778694747941,1778694748032,91
69f8575e-2196-4509-97a7-a56d91f05393,1778694747984,1778694748032,48
59ca26ee-48bb-4306-ae12-70b5449e3d9f,1778694748046,1778694748533,487
adec453c-6248-4f0b-ae22-52a09fef54a9,1778694748088,1778694748533,445
0b474e47-dd25-4c04-a760-92c106483e34,1778694748152,1778694748533,381
40709ad0-5c8a-41d3-8c86-3f9f6bcbe105,1778694748194,1778694748533,339
56efc73f-51e7-4e64-aeb3-02686af6d52e,1778694748257,1778694748533,276
3d7e9305-8f39-4f27-ab95-d1851ff50175,1778694748299,1778694748533,234
d6ef804f-a1eb-4cce-a9ad-84bf18fa736f,1778694748362,1778694748533,171
ec5fd373-e7b8-437a-b8b7-44ef34582911,1778694748405,1778694748533,128
db267fc7-d5d5-4147-8118-8d85ea56dabc,1778694748468,1778694748533,65
138bc2b4-e9ce-4b4b-a0b2-33320216c0a8,1778694748511,1778694748533,22
eb0235a4-4ec1-4874-bd69-c835afe21dc4,1778694748574,1778694749034,460
e682f877-9be6-4342-8308-bbf776988cb8,1778694748616,1778694749034,418
a155ec5d-6039-4181-be21-760de0193ab5,1778694748678,1778694749034,356
c50b5710-a6b1-40a3-9806-880fd7b71ad5,1778694748720,1778694749034,314
3a8ed8fa-a1e3-4e49-8939-75a644aaa735,1778694748782,1778694749034,252
215d90a4-07a8-49b2-9680-2b4d1415b156,1778694748825,1778694749034,209
50a70536-65d8-4b2f-bf2c-7dee3630b754,1778694748888,1778694749034,146
912d1c69-bef9-40ef-9667-00b0ba91fd82,1778694748930,1778694749034,104
d6633e9d-15d8-4ad5-8e0b-af68a43d19d5,1778694748993,1778694749034,41
03f95128-4baa-4278-a3ea-62a277e23f7e,1778694749034,1778694749534,500
f5428810-3153-40f2-989b-0d6878682d86,1778694749096,1778694749534,438
a4ae957e-9819-4b24-9c27-6e4bfbf03639,1778694749138,1778694749534,396
047d1f13-ea7d-4a9f-8c1b-50f2156e9d41,1778694749201,1778694749534,333
0031055f-f750-4cf1-90f0-4fd1f0b0c857,1778694749243,1778694749534,291
95ed9349-7530-4459-971d-14d95f9e63ab,1778694749305,1778694749534,229
a8f5bf2f-0645-4611-91a4-011f48a50ea5,1778694749347,1778694749534,187
a31445da-b945-4cdb-a1a6-3699a3970bb2,1778694749412,1778694749534,122
53e17a56-538b-4a9e-8586-bfdded2772f9,1778694749455,1778694749534,79
093818e2-ff39-4d98-8b9c-8897b18333b4,1778694749516,1778694749534,18
5ae58bdd-9a72-465e-9985-394e2ad30a00,1778694749559,1778694750036,477
912780d4-7358-498d-ba44-7c742eae12ca,1778694749620,1778694750036,416
27e2028b-c0ec-4469-b4f7-975aaf8ae060,1778694749662,1778694750036,374
be0ea2c2-3c59-46f0-a918-755720ffeda9,1778694749725,1778694750036,311
2264de64-ce95-40f9-9947-4e6dc1634e18,1778694749768,1778694750036,268
deaed0bb-a082-4504-bf04-7cca17e05b55,1778694749830,1778694750036,206
9e747bba-90ce-4322-a2b4-510668a65f6b,1778694749873,1778694750036,163
3ee2adcd-ae08-4d4d-ad86-feaaea280821,1778694749936,1778694750036,100
6776a209-0551-4828-aed8-7a53c3cb0233,1778694749978,1778694750036,58
69d70c61-c5ef-45c2-9a8b-fcf519b08338,1778694750040,1778694750536,496
9b18ce5d-b020-4ce3-a7e5-a6fd7300c8ba,1778694750081,1778694750536,455
01573817-15ca-4829-928e-955f8c45184b,1778694750144,1778694750536,392
803f6885-e07e-4f25-a9ba-4b9ab09e7fbd,1778694750185,1778694750536,351
d6780e7a-daa1-4dff-9a8c-013b3b032997,1778694750248,1778694750536,288
05f98516-ffa7-497f-8fcf-37bc788ea734,1778694750290,1778694750536,246
2f6c41c0-1691-4ab1-8a18-438b39451c23,1778694750353,1778694750536,183
5adabd07-add5-4218-b543-036c091bfcb2,1778694750395,1778694750536,141
953f0e9f-4652-4e8a-b870-ffd15609fe97,1778694750458,1778694750536,78
d1acb783-a8af-4eef-9047-2c405932d80d,1778694750500,1778694750536,36
7c9eeacf-2d54-4201-b9ad-55d7f694cb2d,1778694750564,1778694751038,474
af10f425-59da-4887-afb0-ffd873471730,1778694750606,1778694751038,432
e0c89deb-eba8-4c6b-b8e5-59793ae2985b,1778694750670,1778694751038,368
8d3323cb-186d-492a-99e7-8f4708fd6d22,1778694750712,1778694751038,326
a4c7c58e-5ec1-42fe-8dca-5533f6af1365,1778694750774,1778694751038,264
c54af40a-7656-450e-bf1c-6a9d3578502d,1778694750815,1778694751038,223
d3500def-e179-4ab3-bbbc-81ae62d564cd,1778694750877,1778694751038,161
4a2f2953-b0b6-4809-a2c8-6f50b0ff1906,1778694750918,1778694751038,120
b3e33d22-f8e7-4903-b93c-214b5015f3dd,1778694750981,1778694751038,57
10f8fcbe-57cb-46fc-9e28-2da951f8f3ed,1778694751024,1778694751038,14
91c42e8e-c2cc-42c4-94cd-e94b1cfb4c5b,1778694751086,1778694751538,452
fe92c31c-a164-40e0-bb2a-eb0128ffff0a,1778694751129,1778694751538,409
a356316f-e52f-4982-8bcd-5b00619044e0,1778694751192,1778694751538,346
6212870e-d89a-47cb-8f58-df1effc70934,1778694751234,1778694751538,304
a2d77660-7bb0-4acc-9e18-fb6e032cd12e,1778694751295,1778694751538,243
0e24e848-e0b9-40dc-bb7b-85bf90f1150a,1778694751337,1778694751538,201
fadf0e16-6550-46e7-ad90-dd0e39ee881d,1778694751400,1778694751538,138
e53a4def-07aa-4aec-8718-5bff2f313a4d,1778694751442,1778694751538,96
9775688c-0c91-4211-b84d-0b14b9733c14,1778694751507,1778694751538,31
dc71e38d-4635-4310-8d90-7d085503ce6a,1778694751548,1778694752039,491
d63eba09-8614-4b0f-8c55-ba4389d75e58,1778694751611,1778694752039,428
26e4e563-975d-49e4-9c44-ac1dff5c515d,1778694751653,1778694752039,386
0c017ec1-5d69-4f72-81c1-65928770a19a,1778694751717,1778694752039,322
26e86077-e3ab-42da-a8eb-420975924f82,1778694751758,1778694752039,281
bd56858a-04d3-4439-843e-bb56099ffdfb,1778694751819,1778694752039,220
aef34138-cf2c-4fff-967b-b30f6d5aa30d,1778694751861,1778694752039,178
d307b3ab-ca1f-488b-bf13-441d17442245,1778694751925,1778694752039,114
f900fc68-41f2-496f-a7d4-fb12f5aadabd,1778694751968,1778694752039,71
dfe56c5c-de1d-473a-9576-be3fb52ff646,1778694752032,1778694752039,7
733af470-4b47-48b5-ae7d-bd7324641355,1778694752074,1778694752540,466
286995f3-971f-473b-96f2-9cbd053c40d5,1778694752137,1778694752540,403
b8f36a96-eb3b-432d-8381-466bd7520e36,1778694752179,1778694752540,361
1896fd0f-c4b1-495b-9928-77a1a5253f9e,1778694752241,1778694752540,299
10ea0e51-248b-48ce-922b-11bd96cde47d,1778694752282,1778694752540,258
82df852a-eb0e-47f1-a930-0c6329ab5ef1,1778694752345,1778694752540,195
1a20ad38-7322-433c-a13d-e9064b653c05,1778694752386,1778694752540,154
73ea9c16-ccde-48cf-bf5a-f1695502cda4,1778694752450,1778694752540,90
48c7e296-a834-461d-8ef3-99a49e23fd28,1778694752493,1778694752540,47
b4c440dd-ecb7-41cd-b191-7d2a8d8272b0,1778694752555,1778694753039,484
4f9d25b4-ad5d-4f1e-9112-a5c34347d4a6,1778694752598,1778694753039,441
396196bc-ec09-4c37-8a80-065df721140b,1778694752661,1778694753039,378
992373d0-a062-4474-9f44-948c6e417a74,1778694752703,1778694753039,336
44f6b4eb-77fa-4cd4-babd-c7e80dfcd169,1778694752766,1778694753039,273
104ad12e-6574-4967-9ffa-b57fe27c8ef1,1778694752808,1778694753039,231
7515b2cf-a371-4b85-a5b8-0a689d178622,1778694752871,1778694753039,168
d89137a9-6177-4ba8-8a51-b6e117379a66,1778694752912,1778694753039,127
a04b7b95-6923-4731-8dae-7453a0e0a520,1778694752975,1778694753039,64
cdb43928-727e-4bc3-b99b-1486d80849db,1778694753016,1778694753039,23
a886d5a4-a9da-4d8f-a2ed-bf07f6799690,1778694753079,1778694753540,461
d2daf684-b939-425e-9157-3443c523ace9,1778694753120,1778694753540,420
d88d9f89-96d0-46c3-9926-ff23d11c9596,1778694753183,1778694753540,357
c75cd761-d0cc-43fa-bbb4-8b9f66dacc77,1778694753225,1778694753540,315
0e07bd4b-21fa-4cd4-bc79-2ad9a2ad402d,1778694753288,1778694753540,252
835b0060-81b6-4753-b3c7-8909cf32d3ae,1778694753331,1778694753540,209
964c35f7-e233-40f4-afc6-1850e6a3d534,1778694753395,1778694753540,145
483fb3bb-8f41-4980-bff6-0011dc65b12c,1778694753436,1778694753540,104
58c91ed6-05c1-497e-b38a-24b9f6941942,1778694753501,1778694753540,39
d58cc00b-759d-441d-81a1-7e3ef425df0f,1778694753543,1778694754042,499
a28acc87-0734-4ae2-aca1-328d40d1ef22,1778694753606,1778694754042,436
ee2632a6-2af8-487d-abab-5235c9e32dc9,1778694753648,1778694754042,394
659bd003-bfe2-4eb9-a510-ce518ccf4006,1778694753712,1778694754042,330
24e34cd6-a803-4930-a51c-5edda690c3c5,1778694753754,1778694754042,288
4aac6864-eb96-47a9-bf3d-478ccf77f9ec,1778694753817,1778694754042,225
34db83e7-feff-46ba-9c80-d5f3a191536a,1778694753859,1778694754042,183
766a2509-14ca-4552-826f-4293c0cc1138,1778694753922,1778694754042,120
85ca4e0c-4837-42ef-b8fd-a732b986b7c9,1778694753963,1778694754042,79
93f5722b-f43e-4f26-953a-a7bf512cbcf7,1778694754023,1778694754042,19
e6368595-9bd4-4951-b6e2-e13157b186b8,1778694754065,1778694754543,478
9950e250-1f83-4de6-9a9c-aaedaf1f3654,1778694754129,1778694754543,414
6905d94e-2458-43ea-bd1a-ae34b8d779d9,1778694754171,1778694754543,372
1dbeb847-5481-4fec-a994-44ad18612606,1778694754235,1778694754543,308
c7445847-c8c9-43be-9c50-7c21929e048b,1778694754278,1778694754543,265
5d469514-20df-4c23-8485-7293c5a52d08,1778694754342,1778694754543,201
5b17ebaa-342f-4b5c-b80c-cb58bdf51625,1778694754385,1778694754543,158
a3d59611-7ac9-4d98-9084-cc351cd57e29,1778694754449,1778694754543,94
6868f101-1a44-4a28-93dd-e3b39f457a00,1778694754492,1778694754543,51
66f6cc70-edf0-45cd-9794-d0682865203b,1778694754555,1778694755043,488
4a0ee721-dac2-44e6-8e2d-d75b239a4a57,1778694754597,1778694755043,446
0b0527ca-c997-46c9-85c0-a2cae4f09f30,1778694754661,1778694755043,382
2d66f845-11ec-4b29-a19c-ee8f2e2e61f2,1778694754702,1778694755043,341
d4522b9c-c511-4ae0-a126-e2b42b1f6d14,1778694754765,1778694755043,278
2147a68e-6637-42cb-8003-8d65676fa817,1778694754808,1778694755043,235
04eed774-53a6-4720-a800-0cd847472e98,1778694754872,1778694755043,171
6db0568b-7b37-4691-84dc-3064f1fe9bb5,1778694754914,1778694755043,129
c3be5176-369c-49d6-8ad5-d0650066bc96,1778694754976,1778694755043,67
1ac795f5-07d9-46f1-8ef9-2b24ae9ae51e,1778694755017,1778694755043,26
6da27bf2-5a49-44ae-87c4-445e792e0c35,1778694755081,1778694755544,463
6a48e47d-e4c9-40de-97e6-7b66b4022f1f,1778694755123,1778694755544,421
ae6dc2f2-3dd0-4840-956e-843efbf2614e,1778694755186,1778694755544,358
53791e93-18a1-437d-8b7f-1d81c68ce0dd,1778694755228,1778694755544,316
48a99614-5de2-4396-8b6b-3639f0ce201e,1778694755291,1778694755544,253
1a3429c1-7a32-4c6a-aafb-bd379645958a,1778694755332,1778694755544,212
b3ac655f-b8e2-43b6-aa77-c0c09cbad1c5,1778694755395,1778694755544,149
dbd0132e-d3e0-4223-89f2-e5609e044d4a,1778694755435,1778694755544,109
dbc91777-f657-478e-9dde-7c06fc2b5dab,1778694755499,1778694755544,45
bcca0c14-c82c-4c49-8934-1a15aba3c5aa,1778694755541,1778694755544,3
105ead53-f66d-49c9-981b-2e9d4ba3f75e,1778694755603,1778694756045,442
66102ca1-4d66-4923-8761-be4a713139a7,1778694755645,1778694756045,400
26e46943-e972-403a-b2fa-8d326b08ddf4,1778694755708,1778694756045,337
762f6776-21ac-4d86-aa5e-fa7ec2208597,1778694755750,1778694756045,295
3b0fe295-63aa-43ea-a1af-8bdcfbca7e38,1778694755813,1778694756045,232
799a7c6d-61e6-4f75-826b-6972657438e9,1778694755855,1778694756045,190
ac7f691b-73ad-40dd-926a-52869e16c866,1778694755918,1778694756045,127
06362528-1798-4891-8a8c-0250b0a2842c,1778694755961,1778694756045,84
ddb96a42-9777-44c7-9b76-15b2f8f2060b,1778694756023,1778694756045,22
e7255faa-da0c-47e1-a16f-2a00eb240e94,1778694756066,1778694756546,480
b1cd4aeb-969d-42b4-b059-02c82f74139b,1778694756127,1778694756546,419
dc84d794-c5f9-47b4-ace9-ceb126ab3001,1778694756169,1778694756546,377
7e6fa4ab-39f1-46ce-9b96-115f8fd4e363,1778694756233,1778694756546,313
38c15b35-493c-401a-bdc7-3c7e1cb3c4c7,1778694756276,1778694756546,270
81409865-f194-47d1-9eeb-7cc634703cde,1778694756339,1778694756546,207
faf14022-96fa-4147-ba96-af963e88c850,1778694756381,1778694756546,165
beb03aac-098c-4515-850b-251563fac8c2,1778694756444,1778694756546,102
c89d99cd-e795-4262-a7ab-591bd98d5b20,1778694756487,1778694756546,59
8b51bf4d-4b58-4b08-bc71-694682c0b709,1778694756550,1778694757046,496
c846ad76-7abc-47e9-b5d7-2dc5bfa63891,1778694756591,1778694757046,455
52e14d7c-124c-4011-9af8-35c21c57f60c,1778694756655,1778694757046,391
c035686a-530b-4b13-adf3-c716b5fee772,1778694756695,1778694757046,351
cee46b06-000d-4b3a-9847-620725f45510,1778694756758,1778694757046,288
82370204-3faf-4429-ac92-0f805bec14bd,1778694756800,1778694757046,246
01b13357-cfa1-4878-b65a-027948c16f4f,1778694756863,1778694757046,183
574f97fa-4229-4d8a-b743-6169d6c286e8,1778694756905,1778694757046,141
16d87992-8c20-4076-950f-0336a14dc49f,1778694756968,1778694757046,78
48ef5d19-be12-4d95-a34c-5422acaf7238,1778694757010,1778694757046,36
f6342c5e-7bc2-4ad6-8b27-ca7b9fb1f082,1778694757073,1778694757548,475
8bacb5e9-3b07-496d-83ca-b0b95122e22c,1778694757114,1778694757548,434
f273b380-cb91-4644-ac8e-cd8953327311,1778694757177,1778694757548,371
f283abd4-ef06-4554-b72e-534cb3cc12f0,1778694757219,1778694757548,329
c5abce4c-6022-4dfa-b6de-3c450fe62f41,1778694757282,1778694757548,266
d64d39ea-4f9a-49cc-8e28-35a08f13ec49,1778694757323,1778694757548,225
779c7075-6314-4f7f-9105-476c2892ccbe,1778694757388,1778694757548,160
352aa495-d85d-4a69-a100-b4a9a51a1fe4,1778694757429,1778694757548,119
998a4485-1af9-4602-a8f4-76ab5339a4e5,1778694757494,1778694757548,54
58d7b5af-039e-4cd8-920b-47ff7df9dd0c,1778694757535,1778694757548,13
f9ce77e2-87ae-4922-a780-f9ed55a7a75c,1778694757597,1778694758048,451
ec0da06f-e826-4797-b466-53d581ad9d3b,1778694757640,1778694758048,408
89907f4b-f591-4bfc-bcd8-31f264deaae2,1778694757702,1778694758048,346
fa2c5c79-94b7-42f5-99d5-db244f009bc8,1778694757744,1778694758048,304
3c1b2d70-9c5f-479e-a915-e4278604a6ba,1778694757807,1778694758048,241
3fd85293-eaf7-4328-b4bc-d0e6850ec60f,1778694757848,1778694758048,200
d6b22c46-1530-4636-9791-08687d0c3bd5,1778694757911,1778694758048,137
b46cca1a-1ccb-47df-9951-2de6fd15bab2,1778694757954,1778694758048,94
3a74689f-afa8-4061-b167-071bc38a8437,1778694758015,1778694758048,33
38632090-67a6-4d38-964f-f1320df3dc54,1778694758059,1778694758548,489
534e242a-bdd4-4607-88fb-df99ea7a8661,1778694758122,1778694758548,426
aa4b1e46-c0a8-4d9a-9d9f-8dd80855dc93,1778694758164,1778694758548,384
206343c9-0e39-45af-a739-ba5c086a8858,1778694758227,1778694758548,321
b9ada1c1-563e-4275-ac4c-e13ca0198ef4,1778694758269,1778694758548,279
ec386915-aa73-45d9-9a22-84369f2f7a29,1778694758332,1778694758548,216
04e869e4-38a9-41dc-b666-cc753cb44a01,1778694758375,1778694758548,173
3aaab89e-3dbd-43ca-9f6b-a3c65a1205e6,1778694758438,1778694758548,110
3ce68709-8e10-4b27-b84f-801f560d68c8,1778694758480,1778694758548,68
bd33ba79-c062-4da6-89f2-24db337fa475,1778694758542,1778694758548,6
99d6293e-f4ae-4945-a087-5f813e618b06,1778694758585,1778694759048,463
39d608d4-98e2-441d-9679-66ffdf177985,1778694758648,1778694759048,400
70dc6492-33ab-4fa7-84de-b7e2ab434bc9,1778694758690,1778694759048,358
b2078b58-285d-49bf-ad8f-2ce1987cb890,1778694758753,1778694759048,295
e3752f3a-822c-4410-a094-95c21fac8bb6,1778694758796,1778694759048,252
8b728553-50b6-4009-8c27-e4245254366b,1778694758859,1778694759048,189
187605f0-527a-4dc7-820d-f78e90aad6f1,1778694758901,1778694759048,147
95fa27e0-984e-4fec-a0c3-1ee277596e02,1778694758964,1778694759048,84
6b8b1256-a8ed-4dd3-a377-7147de4c778c,1778694759006,1778694759048,42
b01359ee-f528-4c27-ba0f-1b69541f3990,1778694759069,1778694759549,480
4a30ee17-0ce2-47c3-a567-baf8474cb7a5,1778694759111,1778694759549,438
cf5c24a9-dc60-491f-984f-acdfe2a2fa15,1778694759174,1778694759549,375
55e4e3c0-a5ed-4b97-917c-79bb5a379183,1778694759217,1778694759549,332
d8ed522a-950c-40d7-9309-bc1688ce7a9c,1778694759280,1778694759549,269
e5ff8ce9-cf04-49b2-ac50-e2f05c41dcae,1778694759323,1778694759549,226
b1181e6c-38c7-4536-81a4-7b6b150a5fcb,1778694759384,1778694759549,165
b391e290-a1d0-4d81-9875-ac5e4f35e9b1,1778694759426,1778694759549,123
57db91af-289d-490b-8aa9-43a7e26b47f2,1778694759490,1778694759549,59
52447d7d-dded-4804-92b2-38903a04537b,1778694759531,1778694759549,18
ec2682ce-687e-4346-a96d-dba7b011567c,1778694759594,1778694760051,457
a840ea31-bd9c-4500-aa35-d422396abaa3,1778694759635,1778694760051,416
95d3f446-5df0-476e-b90e-4a5a08003662,1778694759698,1778694760051,353
41e75a3a-f162-4754-a4b8-2de96d30626b,1778694759740,1778694760051,311
bcb52781-b969-421c-ade9-89144fac4705,1778694759802,1778694760051,249
bfc6ffc0-347f-4563-a26a-9e945e1117b5,1778694759844,1778694760051,207
86155c84-edaa-44d8-9e24-37d39c144e0a,1778694759906,1778694760051,145
67b85dc1-70a3-4de5-be25-e5d298652b32,1778694759949,1778694760051,102
1d7a425f-b1ad-4d4f-ac8f-154e8fb4393f,1778694760012,1778694760051,39
a94f9f1d-20c0-4ae7-90c0-e787c029bc89,1778694760054,1778694760552,498
603f428f-e448-4c62-be0c-8ba02be33f01,1778694760116,1778694760552,436
fdfaa832-3f55-44d7-affd-62d719f016a8,1778694760158,1778694760552,394
5adb4c05-c371-4ed1-afd7-1c8b4c456a11,1778694760222,1778694760552,330
c748c388-520e-4888-a7e2-437d25c3338a,1778694760264,1778694760552,288
3e808d2e-4717-47a0-9a4c-794e8f1f2383,1778694760326,1778694760552,226
49dce279-5bc2-47f6-8549-a958c3196fc0,1778694760369,1778694760552,183
5c3eba04-a077-41ba-bff0-c8ff98808e3e,1778694760432,1778694760552,120
810ad044-6944-46a6-a361-ebcef0e7b9d6,1778694760475,1778694760552,77
41ccc216-93b4-43e2-bc55-60ca329f22f6,1778694760538,1778694760552,14
edf894e5-3077-4d64-bb00-c545033e4b50,1778694760579,1778694761053,474
d0793dc2-c95f-45d8-adad-e3ef87589ad4,1778694760641,1778694761053,412
5ff9e3fe-dc63-46f4-85f1-d0268302ad05,1778694760682,1778694761053,371
f11665a4-d541-4f0a-8b90-2187744708a9,1778694760745,1778694761053,308
cda51ea7-99c1-46ac-a1d2-432b621567ab,1778694760787,1778694761053,266
d306b1de-4d72-47f8-af84-525ccabda87e,1778694760848,1778694761053,205
f845dcdf-2f2d-49f8-878e-6bd579b4519f,1778694760891,1778694761053,162
97455b11-2f93-4c8a-b8ba-62de6a8679c9,1778694760953,1778694761053,100
ae43bad6-d1cf-4e97-9172-00c35edfb2e3,1778694760995,1778694761053,58
78fb899c-eb09-4afc-bcb5-2b4b30a1383a,1778694761057,1778694761554,497
e6226019-a819-4f1b-bac1-65ee11881250,1778694761098,1778694761554,456
89e09308-8376-4614-afd9-9b1b3d11e7e2,1778694761162,1778694761554,392
ba5355d3-c627-4c71-867a-663b1801376c,1778694761205,1778694761554,349
428b66ad-9524-4e73-a57a-2fc8870f0bfd,1778694761269,1778694761554,285
e705cfbb-d959-4812-abd4-735fec1abc23,1778694761309,1778694761554,245
1453a8ea-a2a4-4a5e-bbf4-65b1a393e0ae,1778694761372,1778694761554,182
fb09974e-c1a7-45a0-9960-4c85323691f0,1778694761415,1778694761554,139
90496a71-044a-4ab3-bb12-e87586f97004,1778694761479,1778694761554,75
fd5c80b3-64e7-4b83-b63e-11acfb50e12d,1778694761520,1778694761554,34
a763609e-ae56-483e-bb93-df4b599c7190,1778694761584,1778694762054,470
b2427f2e-9a79-4ed2-b9e3-af6d2824afc7,1778694761626,1778694762054,428
041d7ca5-2b53-475c-9d0f-63b7792ccc7c,1778694761690,1778694762054,364
b27e7452-05ba-4f87-9712-590634094a4e,1778694761732,1778694762054,322
170b41ed-8a5a-45e2-bbff-9ca1e6bae386,1778694761795,1778694762054,259
f6d2f748-ca4f-4752-8c90-2c828749091b,1778694761838,1778694762054,216
05506348-6ceb-4943-88ee-a81fe678bd1d,1778694761900,1778694762054,154
23ea8744-586d-49a7-b658-dc54ccd17470,1778694761941,1778694762054,113
e4e62f47-9401-442f-b036-65d7ed7dd890,1778694762004,1778694762054,50
7e14c969-a2ec-454d-ae54-646a0ac8f70f,1778694762048,1778694762054,6
a6afac3b-1acf-4442-8837-b9a79b0f82b5,1778694762111,1778694762554,443
b7b36e61-851f-4642-be5a-6e1751203826,1778694762151,1778694762554,403
3c8f9ca0-cba4-4989-b091-16f1a2a778d9,1778694762214,1778694762554,340
f24a8d10-a84f-4467-8265-d4e5c3a131bb,1778694762256,1778694762554,298
9ae1fa89-1df9-41c2-8353-dce7037b9965,1778694762320,1778694762554,234
13c68b08-5f0a-49e2-b767-d1e3a36db89e,1778694762361,1778694762554,193
398c9c04-a228-44fc-9578-7aa22a5467af,1778694762425,1778694762554,129
b769844a-8d51-4e9d-9845-83b70380e3a3,1778694762467,1778694762554,87
90babcb5-f87b-44d8-8d5f-c29f381c197f,1778694762530,1778694762554,24
f368b1ae-dd5e-4cc3-9e01-dc7a2269113a,1778694762574,1778694763055,481
6d4a40df-4ebb-405c-bc42-6d3f02114852,1778694762637,1778694763055,418
50c0de69-ef88-4315-af81-fe5f6d04caaf,1778694762679,1778694763055,376
ca6cdcec-f49e-4542-a36d-7d809aed0041,1778694762741,1778694763055,314
3c631ebb-49ab-448a-ba2f-a4d9d5efd649,1778694762783,1778694763055,272
bcb01156-6bc6-49a0-a312-a7c3d0161ac3,1778694762846,1778694763055,209
6dcdd725-a15e-4f75-9fe4-cc5c683c721f,1778694762888,1778694763055,167
309f3a7a-448c-4513-90f1-abf5db041f8b,1778694762950,1778694763055,105
9156bf6b-6f65-4bae-9c83-6716034bcdc4,1778694762992,1778694763055,63
1455d207-5609-4cc4-ab69-00286784efb8,1778694763056,1778694763555,499
ddcb5f38-eb86-46ed-831c-6168aeeeca4d,1778694763098,1778694763555,457
8b0ebb9e-7684-432d-93b3-586eed5aaad0,1778694763161,1778694763555,394
b35fc96f-3962-4f4d-8ef7-864107887271,1778694763202,1778694763555,353
edd1fadc-03cc-485e-a88f-5b809e6b8dd9,1778694763265,1778694763555,290
dbb3e033-3099-41dc-b6e7-c140ae538f4c,1778694763306,1778694763555,249
65d64c51-eb8a-4d88-903a-1f863b515349,1778694763368,1778694763555,187
70d445ef-f235-4e80-ba19-6abae95fa45c,1778694763411,1778694763555,144
98c551c8-2ade-417d-8603-f9c781d9fff5,1778694763474,1778694763555,81
4215b990-d4e0-4ed7-a3a0-1370775a9c59,1778694763515,1778694763555,40
7ede6250-17da-43cb-9301-4f791a38b868,1778694763579,1778694764057,478
e10bbb22-fe7c-4012-9b68-80fc5e0ea29c,1778694763621,1778694764057,436
29faf82f-66cc-4500-ba80-cae9fcdb1c25,1778694763683,1778694764057,374
1186d2c3-7bf4-42a8-9ab5-98c9621fdf2a,1778694763725,1778694764057,332
597c00df-f417-490e-88c5-e9a6d0f016f0,1778694763787,1778694764057,270
2dce8ac2-5e19-440c-b05f-5a148dd9eed7,1778694763828,1778694764057,229
9d7030fc-7955-4a80-937c-4ad11cf19a99,1778694763891,1778694764057,166
5f4b1d42-cf07-457b-9a53-286497b18c1f,1778694763933,1778694764057,124
3e1bd00f-e131-4a87-bc2a-d31eed996b2f,1778694763996,1778694764057,61
1dcb2e3e-4f1b-40e4-8ae4-9ef1485d34d8,1778694764038,1778694764057,19
dc1c250d-2186-4f91-89d2-26182a0d3df9,1778694764101,1778694764557,456
b4813d9d-5940-4ab4-9666-1346cb7256b0,1778694764143,1778694764557,414
ef93973e-ae93-4e0d-ae29-73d84fc7a347,1778694764204,1778694764557,353
e3f3a212-a686-438a-9d39-56a70fc84b5b,1778694764246,1778694764557,311
87e566ff-36c6-4341-87ce-fff8f3ca0de8,1778694764308,1778694764557,249
1f3c541f-c394-481b-9cf3-6210f813b0e2,1778694764350,1778694764557,207
54fb71c7-8651-402c-a73a-2e9445364508,1778694764412,1778694764557,145
a68a607b-e2a9-4a58-b2e6-bcbe4b500af2,1778694764455,1778694764557,102
49dcfb77-5727-47e6-bae4-63939eecfdcb,1778694764517,1778694764557,40
364089ff-632c-4f54-8d71-14202731c1da,1778694764560,1778694765059,499
e9f4f52a-ecd5-4296-a9f4-b2b96e2ac0dd,1778694764621,1778694765059,438
8f8ffdd7-de4b-4b22-affb-40e68432a92d,1778694764663,1778694765059,396
22c6733c-02d7-4bbd-965d-a619be14addf,1778694764726,1778694765059,333
50b65bcb-e2e4-4ebe-b94a-23eeb24df45c,1778694764768,1778694765059,291
dea923b1-4d22-46bb-844b-51b4f2476c0e,1778694764830,1778694765059,229
18d9c980-cf4f-49a8-a53a-9ef801ec2832,1778694764872,1778694765059,187
b871d6fc-e8e8-4b8a-b1f9-75f4f49c4302,1778694764934,1778694765059,125
ecc53853-9f84-4e2c-9ffc-d8e19bd6b4be,1778694764978,1778694765059,81
98cb7b19-a956-4bf3-a9d7-7b6dfbd0457f,1778694765041,1778694765059,18
87d0af43-16d6-4374-9594-65ca9c85d145,1778694765082,1778694765561,479
573c1d34-5395-4827-9be3-59a9da148019,1778694765145,1778694765561,416
c0c8a96a-d399-4692-a67d-19a03182ad86,1778694765187,1778694765561,374
d7a402de-c62a-444c-b802-61e7b6dea84c,1778694765250,1778694765561,311
2df63078-138f-4683-ab88-d912a2a7bfac,1778694765292,1778694765561,269
473baf99-7866-4543-a0d9-fa0f6087c8ea,1778694765354,1778694765561,207
81a61523-44e1-4af0-bebc-41ad39e587f3,1778694765396,1778694765561,165
7d81f11f-5b01-425a-b5b8-3e4f50e04014,1778694765459,1778694765561,102
a5acb24f-56e2-4f00-833f-3758bdb90c2a,1778694765500,1778694765561,61
f31f218e-ac78-407a-b6c0-56ba7646ed90,1778694765563,1778694766062,499
a9cb7d9d-454e-48bb-8386-4ffb0faabb13,1778694765605,1778694766062,457
7542a876-dbc1-47cc-a7ce-6f2954f0dc42,1778694765667,1778694766062,395
18c56bb7-8edd-4242-9a89-4490c5b71edb,1778694765710,1778694766062,352
92641e01-7646-43d9-95c8-d7ca9bbd0757,1778694765772,1778694766062,290
d36cd757-f6d1-4c51-82d2-66be5419108b,1778694765814,1778694766062,248
fec0d5cc-7f6c-441b-94da-15de5dc3247f,1778694765878,1778694766062,184
b0db0a82-0c8b-433c-9256-a9303c046ed0,1778694765919,1778694766062,143
b0651333-5573-4cc5-83a8-e0b03a26919c,1778694765982,1778694766062,80
c3bbb8a8-862e-4a10-abc0-f654cdd748ea,1778694766024,1778694766062,38
42deb8be-820e-43f4-84f7-d4ab05c90ca9,1778694766088,1778694766564,476
299b320f-35d3-426c-82da-4518f3faae60,1778694766129,1778694766564,435
5dd778f7-51d7-4dc9-85de-290c58851f9e,1778694766191,1778694766564,373
f8cd0324-e0f9-481b-999c-4140bc306c0d,1778694766233,1778694766564,331
6325588a-7337-4b73-b42d-060e9068cb33,1778694766295,1778694766564,269
cb7057b1-fb88-40d7-817d-0b672f401670,1778694766336,1778694766564,228
028ca6d0-1c8a-4327-9517-1fdbf77ee9fa,1778694766400,1778694766564,164
f77c117f-7173-4480-a6c6-099064faa1f5,1778694766443,1778694766564,121
8bfcdee9-132f-44a8-b196-32411202fe04,1778694766505,1778694766564,59
0a9e2265-a0ae-4aef-8654-d78d583da2b6,1778694766547,1778694766564,17
6ceb79c1-6faa-49ca-97b0-22951d1bb166,1778694766609,1778694767064,455
01adcca6-84c2-49ce-839a-5e894c542b8e,1778694766650,1778694767064,414
d96f93c8-7e91-4f0c-8f41-566b13e86cb7,1778694766714,1778694767064,350
362236e2-e524-417e-a699-e20ea8a87fcb,1778694766756,1778694767064,308
fa930a22-9999-41bc-af96-b8617ec4092a,1778694766819,1778694767064,245
23e6cbf5-1b6d-422a-99f0-81885f089789,1778694766861,1778694767064,203
0ada634e-aa38-4076-b2e2-35a0858c713c,1778694766924,1778694767064,140
16c22f3f-2713-438b-afb5-001611002c86,1778694766966,1778694767064,98
3091d3ec-655d-4d3c-a2b9-f46c75ca1424,1778694767028,1778694767064,36
d8548076-94cc-4aca-80cc-bc4d056fe5b9,1778694767070,1778694767566,496
6249cc1d-16a5-4643-8e20-dcf9426e4bdd,1778694767134,1778694767566,432
db508cd0-f2ed-4662-85ee-7b4c4cb4195f,1778694767175,1778694767566,391
1802fe1e-39d8-4ef6-a7a7-639355a8ca25,1778694767237,1778694767566,329
2675d59d-a4e3-4a0c-b92f-27131eca482d,1778694767279,1778694767566,287
5b11b604-9444-44b9-92e0-ae049bcac3ab,1778694767343,1778694767566,223
f619055b-0d48-451d-b3a8-778c5591f92a,1778694767385,1778694767566,181
29014df1-fdc5-4be4-be96-9489027cb5de,1778694767447,1778694767566,119
9909ec67-85ca-424a-908e-e33fb7434c89,1778694767490,1778694767566,76
524af2da-4569-4bdd-860e-a4cb613df969,1778694767552,1778694767566,14
258193f2-28a2-465e-ba9b-effab5b4e58b,1778694767594,1778694768066,472
8b84c5a2-ef0e-4734-9dd2-b173de81cbd1,1778694767656,1778694768066,410
60f8fec4-c79c-47e3-bc62-575114a8ad47,1778694767698,1778694768066,368
b47d5b24-aa76-4080-82df-57a6b4fa73bd,1778694767761,1778694768066,305
be54065d-97ce-4313-8780-5100677adf00,1778694767803,1778694768066,263
c53fe4e4-1e28-46c4-aba7-c6293b42c109,1778694767865,1778694768066,201
f82b38be-2d34-48cd-8ddc-3e1cf1ca1e70,1778694767907,1778694768066,159
28f9c9f7-3851-4cf2-8c9e-6f63bf7da4a5,1778694767970,1778694768066,96
a3caa829-34ff-4a99-bd56-5b66bfd36796,1778694768012,1778694768066,54
afd4d626-e770-44f4-9d4d-770690fd7335,1778694768075,1778694768567,492
60f16f76-1201-4ff5-ba35-49a8b4c9283f,1778694768117,1778694768567,450
1e3e50a5-04bf-4e14-b044-ace9b12afb78,1778694768179,1778694768567,388
ad80f629-7bea-4fc2-b7c9-58d1043c6509,1778694768222,1778694768567,345
1ca9fafd-3e82-408f-945e-4f8493e08a48,1778694768283,1778694768567,284
30871478-241c-49e8-b466-69a1f69b5d1c,1778694768325,1778694768567,242
91c36cef-e6cd-4fcb-8990-feae69f1a9e6,1778694768387,1778694768567,180
15468910-6e0e-41e3-a057-fce26bb13ead,1778694768429,1778694768567,138
1f265f00-a4fe-4169-aa5a-3f28dc19533b,1778694768492,1778694768567,75
f968f8bf-f950-4a86-82ad-da3c59d06bf4,1778694768534,1778694768567,33
0d478091-cc7b-414e-bb97-f56d5d61d7c7,1778694768596,1778694769069,473
b324c869-c4e9-4d97-8c50-8231da6b97a8,1778694768639,1778694769069,430
52b84dd1-0d19-4b0f-b301-722414ea2ed3,1778694768702,1778694769069,367
fd4c3087-4389-4dd6-a707-62af34a26e00,1778694768744,1778694769069,325
71e52825-c71c-4b2c-9ed3-78fcfcf36eb8,1778694768807,1778694769069,262
5b6ca57f-2055-4502-9803-3f01abffecb8,1778694768849,1778694769069,220
d3806875-c6b0-4d09-b4f8-dfe9c2a00edb,1778694768913,1778694769069,156
7208d9d2-93f4-4082-939e-d1551b1e8900,1778694768955,1778694769069,114
c002b65b-5d8f-4567-89e0-3aac9076809e,1778694769018,1778694769069,51
82302c1f-268f-46a3-a785-d11b9e4362fb,1778694769059,1778694769069,10
e963075b-53ff-4132-98ad-3a154331571f,1778694769122,1778694769569,447
2bab54ed-e6a4-4e6d-b2fb-d71fe482810e,1778694769164,1778694769569,405
8b19efbe-4518-430d-84cf-3d17e6b685cd,1778694769229,1778694769569,340
a91c65b3-5e55-4f85-b401-e6c15a34f84e,1778694769270,1778694769569,299
8695badc-cab8-49c7-8d7a-e972e98b2f0a,1778694769332,1778694769569,237
d0019071-1d32-45ef-8071-dc60f25cb11e,1778694769374,1778694769569,195
3367367e-c598-4662-a756-37755538ae12,1778694769435,1778694769569,134
fc46de43-e696-4d32-a4b8-da8805078f1d,1778694769477,1778694769569,92
3b42b6a0-201a-45f8-949a-b8d6c86d9486,1778694769540,1778694769569,29
6176343c-f836-4c79-8634-199f44137280,1778694769581,1778694770070,489
27825711-2e0f-422a-92be-e37dd7687e15,1778694769646,1778694770070,424
f3f2311d-380f-4086-ae13-4a4a39022661,1778694769688,1778694770070,382
99615acf-755a-436f-9099-a69655560843,1778694769751,1778694770070,319
48175102-d776-42a4-87cb-7e9698406b10,1778694769793,1778694770070,277
919053d6-f0d5-4fbb-8dfd-84dbbcc7a1c4,1778694769856,1778694770070,214
20a0315a-2e03-4822-ad95-0347b9b572e4,1778694769899,1778694770070,171
98c87590-f6cc-4fa0-8eec-5e75902c7923,1778694769960,1778694770070,110
7333e9aa-9c5c-477d-b252-df46b918c6a2,1778694770001,1778694770070,69
d7d72158-470b-4035-ab3e-fecdc7562fd4,1778694770064,1778694770070,6
4aa526d6-53b8-44c2-b976-c2d0919b9fb7,1778694770106,1778694770570,464
a9eda070-4f1e-49b8-aa25-dbbe6bcd597e,1778694770168,1778694770570,402
eacacc88-71e9-467f-8e23-e8c475ed7b44,1778694770211,1778694770570,359
e0248cf4-c34a-4139-ae16-fe8b10793386,1778694770274,1778694770570,296
2a568067-dabe-42d9-8a35-d9695ab7da06,1778694770316,1778694770570,254
e2c5894a-7e9b-4088-8b43-12520e495700,1778694770378,1778694770570,192
9d49deda-1f59-47ca-8d45-9300bbaaf7fc,1778694770420,1778694770570,150
ebb4c327-0eb0-4574-89ea-4ca2903c9444,1778694770484,1778694770570,86
bec7bf86-bb63-4794-9f38-59572e378cc3,1778694770526,1778694770570,44
d668e7b4-12ba-4c70-b0de-fb8c909e2f4d,1778694770589,1778694771071,482
3b7e926e-f3fa-4ad0-a0f6-bbac5edba64d,1778694770632,1778694771071,439
59d6cd2c-2a96-46d8-8384-b0d7097a4adb,1778694770693,1778694771071,378
a4493bf1-f081-41e5-9ebd-4dcb058f3231,1778694770735,1778694771071,336
440efb17-71d6-4559-aeca-71bfaf6daa47,1778694770799,1778694771071,272
70b8b1d9-6eee-4903-8ff8-d459a63b006d,1778694770841,1778694771071,230
53c7a8aa-2c57-4de6-9a00-243ed310de55,1778694770904,1778694771071,167
6c6decab-b52f-492d-95e2-d97a4c9ba5d2,1778694770945,1778694771071,126
43665eb9-b23e-40d6-9f48-4148383f4b8f,1778694771009,1778694771071,62
645a1218-7071-481c-881e-a557230a4023,1778694771051,1778694771071,20
72cb40e5-c27b-43a5-82e5-3f913f71e1d5,1778694771114,1778694771570,456
670cc1ca-a2f7-4f44-931f-a0be1b5ffca7,1778694771156,1778694771570,414
32df06dd-1bac-4d60-8c6c-08ee798fef6f,1778694771220,1778694771570,350
029030ff-83f5-4e61-a5aa-786433c50fa1,1778694771262,1778694771570,308
